,TF,Target,Label
0,0,36,1
1,5,826,1
2,5,454,1
3,5,277,1
4,5,740,1
5,5,586,1
6,5,853,1
7,5,1258,1
8,5,130,1
9,5,59,1
10,5,381,1
11,5,923,1
12,5,1348,1
13,5,66,1
14,5,1245,1
15,5,357,1
16,5,197,1
17,7,1398,1
18,18,620,1
19,30,254,1
20,30,942,1
21,30,726,1
22,30,1331,1
23,30,366,1
24,30,205,1
25,30,157,1
26,30,183,1
27,30,1343,1
28,30,892,1
29,30,384,1
30,30,228,1
31,30,354,1
32,32,666,1
33,32,432,1
34,32,942,1
35,32,1302,1
36,32,765,1
37,32,305,1
38,32,892,1
39,32,36,1
40,32,1344,1
41,32,600,1
42,32,706,1
43,32,1206,1
44,32,30,1
45,32,1243,1
46,32,1353,1
47,32,902,1
48,32,1151,1
49,32,862,1
50,32,743,1
51,32,739,1
52,32,1341,1
53,33,1306,1
54,33,1288,1
55,33,108,1
56,33,367,1
57,33,392,1
58,33,931,1
59,33,848,1
60,33,1027,1
61,33,675,1
62,33,34,1
63,33,1189,1
64,33,982,1
65,33,487,1
66,33,1097,1
67,33,1044,1
68,33,1332,1
69,34,44,1
70,34,1374,1
71,34,612,1
72,34,726,1
73,34,759,1
74,34,517,1
75,34,1343,1
76,34,1344,1
77,34,1303,1
78,34,879,1
79,34,942,1
80,34,33,1
81,34,183,1
82,34,1222,1
83,34,572,1
84,34,228,1
85,34,1216,1
86,34,577,1
87,34,1332,1
88,34,765,1
89,34,72,1
90,34,1243,1
91,34,397,1
92,36,704,1
93,36,1241,1
94,36,1344,1
95,36,1227,1
96,36,751,1
97,36,823,1
98,36,1243,1
99,36,1306,1
100,36,509,1
101,36,28,1
102,36,329,1
103,36,17,1
104,36,600,1
105,36,1249,1
106,36,397,1
107,36,1118,1
108,44,609,1
109,44,539,1
110,44,566,1
111,44,183,1
112,44,254,1
113,44,202,1
114,44,154,1
115,46,1295,1
116,46,848,1
117,46,487,1
118,46,835,1
119,46,360,1
120,46,333,1
121,49,454,1
122,49,14,1
123,49,330,1
124,49,1169,1
125,49,995,1
126,49,675,1
127,49,1364,1
128,49,874,1
129,49,56,1
130,49,423,1
131,49,882,1
132,49,467,1
133,49,1182,1
134,49,47,1
135,55,784,1
136,55,1057,1
137,55,224,1
138,55,79,1
139,56,1182,1
140,56,1245,1
141,56,1023,1
142,56,691,1
143,56,49,1
144,56,1364,1
145,56,65,1
146,56,874,1
147,56,467,1
148,59,1215,1
149,59,500,1
150,59,740,1
151,59,5,1
152,59,853,1
153,59,1139,1
154,59,66,1
155,59,381,1
156,66,277,1
157,66,130,1
158,66,357,1
159,66,1027,1
160,66,1033,1
161,66,740,1
162,66,86,1
163,66,646,1
164,66,197,1
165,66,500,1
166,66,874,1
167,66,1258,1
168,66,195,1
169,66,59,1
170,66,586,1
171,66,454,1
172,71,507,1
173,72,111,1
174,72,1221,1
175,72,257,1
176,72,980,1
177,72,405,1
178,72,606,1
179,72,240,1
180,72,1317,1
181,72,17,1
182,72,612,1
183,72,1357,1
184,72,143,1
185,72,243,1
186,72,558,1
187,72,1099,1
188,72,1125,1
189,72,1119,1
190,72,34,1
191,74,879,1
192,74,209,1
193,74,931,1
194,74,903,1
195,74,1194,1
196,74,932,1
197,74,356,1
198,76,823,1
199,76,643,1
200,79,1186,1
201,79,657,1
202,79,769,1
203,79,1032,1
204,85,71,1
205,85,918,1
206,85,932,1
207,86,1149,1
208,86,59,1
209,86,197,1
210,86,66,1
211,86,110,1
212,86,1004,1
213,86,500,1
214,89,932,1
215,89,606,1
216,108,1249,1
217,108,861,1
218,108,305,1
219,108,612,1
220,108,690,1
221,108,131,1
222,108,1216,1
223,108,588,1
224,108,704,1
225,108,1119,1
226,108,34,1
227,108,1344,1
228,108,1194,1
229,108,620,1
230,108,340,1
231,108,670,1
232,108,487,1
233,108,1261,1
234,108,209,1
235,108,551,1
236,108,739,1
237,116,1231,1
238,116,74,1
239,116,356,1
240,116,686,1
241,122,1012,1
242,122,1353,1
243,130,195,1
244,130,1342,1
245,130,1258,1
246,130,66,1
247,130,914,1
248,130,506,1
249,130,826,1
250,130,853,1
251,130,874,1
252,130,740,1
253,130,460,1
254,130,5,1
255,130,675,1
256,130,215,1
257,130,1215,1
258,130,878,1
259,130,197,1
260,130,1189,1
261,130,1364,1
262,130,1318,1
263,135,383,1
264,135,1186,1
265,135,75,1
266,135,1289,1
267,135,572,1
268,135,1381,1
269,135,147,1
270,135,26,1
271,135,1240,1
272,135,185,1
273,135,584,1
274,135,726,1
275,141,612,1
276,141,693,1
277,141,1302,1
278,141,1357,1
279,141,765,1
280,141,946,1
281,143,72,1
282,143,413,1
283,145,130,1
284,145,700,1
285,145,284,1
286,145,306,1
287,149,185,1
288,149,694,1
289,152,75,1
290,152,657,1
291,152,525,1
292,152,1306,1
293,152,834,1
294,152,1379,1
295,152,612,1
296,152,554,1
297,156,671,1
298,156,868,1
299,156,874,1
300,156,675,1
301,156,748,1
302,156,1027,1
303,156,932,1
304,156,707,1
305,156,1187,1
306,156,588,1
307,160,489,1
308,160,313,1
309,160,754,1
310,167,1367,1
311,167,317,1
312,167,1169,1
313,167,1139,1
314,167,345,1
315,167,976,1
316,167,1023,1
317,167,477,1
318,167,217,1
319,167,806,1
320,167,517,1
321,176,30,1
322,178,292,1
323,178,670,1
324,178,745,1
325,178,842,1
326,178,1248,1
327,178,1169,1
328,178,158,1
329,178,810,1
330,178,980,1
331,178,1311,1
332,178,1144,1
333,178,47,1
334,178,859,1
335,178,298,1
336,178,805,1
337,178,1199,1
338,178,1340,1
339,178,342,1
340,178,1367,1
341,178,463,1
342,178,1317,1
343,178,1053,1
344,178,985,1
345,178,223,1
346,183,44,1
347,183,609,1
348,183,30,1
349,183,572,1
350,183,1343,1
351,183,340,1
352,183,662,1
353,183,660,1
354,188,240,1
355,188,753,1
356,188,980,1
357,188,1053,1
358,188,164,1
359,188,242,1
360,188,1317,1
361,188,1325,1
362,188,1000,1
363,188,173,1
364,188,158,1
365,188,463,1
366,188,11,1
367,188,17,1
368,188,328,1
369,188,985,1
370,188,317,1
371,188,1311,1
372,188,668,1
373,188,319,1
374,188,439,1
375,188,257,1
376,188,1169,1
377,188,50,1
378,188,307,1
379,188,1340,1
380,188,1121,1
381,188,1219,1
382,188,1023,1
383,188,1144,1
384,188,198,1
385,193,1343,1
386,193,226,1
387,193,612,1
388,193,30,1
389,195,454,1
390,195,1364,1
391,195,66,1
392,195,853,1
393,195,5,1
394,195,740,1
395,195,1189,1
396,195,460,1
397,195,586,1
398,195,1245,1
399,195,675,1
400,195,1215,1
401,197,1215,1
402,197,66,1
403,197,381,1
404,197,357,1
405,197,195,1
406,197,1139,1
407,197,1348,1
408,197,94,1
409,197,1318,1
410,197,1004,1
411,197,1258,1
412,197,1149,1
413,197,740,1
414,197,853,1
415,197,113,1
416,197,874,1
417,197,914,1
418,197,500,1
419,197,1189,1
420,197,130,1
421,197,736,1
422,197,1222,1
423,197,1245,1
424,202,1374,1
425,202,660,1
426,202,1212,1
427,202,1378,1
428,202,340,1
429,202,254,1
430,202,1131,1
431,202,32,1
432,202,776,1
433,202,1343,1
434,202,95,1
435,202,552,1
436,209,609,1
437,209,1243,1
438,209,1353,1
439,209,108,1
440,209,931,1
441,211,311,1
442,211,558,1
443,216,1026,1
444,216,1398,1
445,216,1112,1
446,217,505,1
447,217,1121,1
448,217,806,1
449,217,36,1
450,217,167,1
451,217,612,1
452,217,456,1
453,217,976,1
454,217,345,1
455,217,538,1
456,217,410,1
457,217,517,1
458,221,1202,1
459,221,108,1
460,221,670,1
461,221,367,1
462,221,1125,1
463,221,1332,1
464,221,365,1
465,226,602,1
466,226,946,1
467,226,612,1
468,226,193,1
469,228,743,1
470,228,34,1
471,228,32,1
472,228,1341,1
473,228,1343,1
474,243,17,1
475,243,405,1
476,243,347,1
477,243,1099,1
478,243,367,1
479,243,670,1
480,243,72,1
481,243,588,1
482,253,75,1
483,253,657,1
484,253,332,1
485,253,659,1
486,253,848,1
487,253,1029,1
488,253,606,1
489,261,390,1
490,261,1268,1
491,261,572,1
492,261,584,1
493,261,784,1
494,261,26,1
495,261,726,1
496,261,135,1
497,261,147,1
498,261,185,1
499,261,1240,1
500,261,75,1
501,277,586,1
502,277,506,1
503,277,1254,1
504,277,874,1
505,277,853,1
506,277,646,1
507,277,1215,1
508,277,1245,1
509,277,130,1
510,277,914,1
511,277,66,1
512,277,197,1
513,277,5,1
514,277,675,1
515,277,1004,1
516,277,644,1
517,277,740,1
518,277,113,1
519,277,367,1
520,277,1189,1
521,284,675,1
522,284,145,1
523,284,1127,1
524,284,357,1
525,284,130,1
526,284,113,1
527,284,197,1
528,284,68,1
529,284,66,1
530,284,1303,1
531,284,1364,1
532,284,1258,1
533,284,853,1
534,284,454,1
535,284,277,1
536,284,346,1
537,284,586,1
538,284,1215,1
539,284,1189,1
540,286,1027,1
541,287,1243,1
542,287,659,1
543,287,1032,1
544,292,317,1
545,292,1340,1
546,292,494,1
547,292,1144,1
548,292,1317,1
549,292,1268,1
550,292,842,1
551,292,330,1
552,292,1053,1
553,292,753,1
554,292,521,1
555,292,188,1
556,292,439,1
557,292,11,1
558,292,1367,1
559,292,173,1
560,292,328,1
561,292,558,1
562,292,947,1
563,292,1248,1
564,292,670,1
565,292,178,1
566,292,223,1
567,292,805,1
568,292,985,1
569,292,1069,1
570,294,1319,1
571,294,1320,1
572,294,1000,1
573,294,1218,1
574,294,306,1
575,294,1105,1
576,294,299,1
577,294,269,1
578,294,911,1
579,294,285,1
580,294,882,1
581,294,1350,1
582,294,444,1
583,294,579,1
584,294,88,1
585,294,560,1
586,294,1155,1
587,297,963,1
588,297,465,1
589,297,848,1
590,297,732,1
591,297,209,1
592,297,253,1
593,297,981,1
594,297,360,1
595,305,765,1
596,305,1302,1
597,305,606,1
598,305,879,1
599,305,612,1
600,305,32,1
601,305,1243,1
602,305,1299,1
603,305,693,1
604,305,1357,1
605,305,367,1
606,305,108,1
607,305,558,1
608,313,1035,1
609,313,391,1
610,313,448,1
611,313,340,1
612,313,1275,1
613,313,222,1
614,313,1274,1
615,313,1013,1
616,314,585,1
617,314,46,1
618,317,178,1
619,317,976,1
620,317,1367,1
621,317,1053,1
622,317,47,1
623,317,521,1
624,317,242,1
625,317,1169,1
626,317,477,1
627,317,1121,1
628,317,985,1
629,317,319,1
630,317,158,1
631,317,1317,1
632,317,891,1
633,317,188,1
634,317,505,1
635,317,257,1
636,317,533,1
637,317,167,1
638,317,612,1
639,317,342,1
640,317,1076,1
641,317,127,1
642,317,806,1
643,317,1197,1
644,317,50,1
645,317,1248,1
646,317,1285,1
647,317,968,1
648,317,65,1
649,317,859,1
650,318,47,1
651,318,962,1
652,318,642,1
653,318,1169,1
654,318,1045,1
655,318,503,1
656,318,462,1
657,318,1404,1
658,318,65,1
659,318,1023,1
660,328,448,1
661,328,410,1
662,328,473,1
663,328,1119,1
664,328,342,1
665,328,292,1
666,328,745,1
667,328,558,1
668,328,178,1
669,328,222,1
670,332,405,1
671,332,606,1
672,332,1099,1
673,332,848,1
674,332,360,1
675,332,253,1
676,332,297,1
677,333,46,1
678,333,670,1
679,334,297,1
680,334,659,1
681,340,74,1
682,340,660,1
683,340,609,1
684,340,879,1
685,340,1384,1
686,340,376,1
687,340,154,1
688,340,932,1
689,340,563,1
690,340,367,1
691,340,1102,1
692,340,931,1
693,340,356,1
694,342,985,1
695,342,188,1
696,342,1144,1
697,342,463,1
698,342,317,1
699,342,164,1
700,342,47,1
701,342,802,1
702,342,670,1
703,342,953,1
704,342,1317,1
705,342,1248,1
706,342,319,1
707,342,307,1
708,342,1053,1
709,342,1367,1
710,342,439,1
711,342,538,1
712,342,1340,1
713,342,298,1
714,342,1169,1
715,342,292,1
716,342,521,1
717,342,1268,1
718,342,65,1
719,342,1311,1
720,342,257,1
721,345,693,1
722,345,683,1
723,345,558,1
724,345,217,1
725,346,195,1
726,346,740,1
727,346,1127,1
728,346,357,1
729,346,1027,1
730,346,110,1
731,346,853,1
732,346,675,1
733,346,130,1
734,346,5,1
735,346,197,1
736,346,1258,1
737,346,284,1
738,346,1149,1
739,346,1189,1
740,346,1215,1
741,346,66,1
742,346,1245,1
743,346,914,1
744,346,506,1
745,347,1287,1
746,347,1268,1
747,347,512,1
748,347,947,1
749,347,1248,1
750,347,257,1
751,347,588,1
752,347,980,1
753,347,1317,1
754,347,1219,1
755,356,340,1
756,356,116,1
757,360,1317,1
758,360,465,1
759,360,46,1
760,360,1287,1
761,360,835,1
762,360,1243,1
763,360,659,1
764,360,1385,1
765,360,548,1
766,360,190,1
767,360,222,1
768,360,146,1
769,360,691,1
770,361,1384,1
771,361,432,1
772,361,1232,1
773,361,106,1
774,361,1341,1
775,361,165,1
776,361,438,1
777,361,141,1
778,361,383,1
779,365,1125,1
780,365,385,1
781,365,11,1
782,365,1277,1
783,365,342,1
784,365,307,1
785,365,980,1
786,365,50,1
787,365,745,1
788,365,221,1
789,365,945,1
790,365,188,1
791,365,913,1
792,365,1268,1
793,365,670,1
794,365,521,1
795,367,305,1
796,367,33,1
797,367,517,1
798,367,558,1
799,367,1364,1
800,367,1027,1
801,367,874,1
802,367,1261,1
803,367,221,1
804,367,1243,1
805,367,340,1
806,367,612,1
807,367,1317,1
808,367,675,1
809,367,848,1
810,367,693,1
811,367,489,1
812,367,1325,1
813,367,173,1
814,367,670,1
815,367,1302,1
816,367,1254,1
817,367,108,1
818,367,36,1
819,367,365,1
820,367,257,1
821,367,1189,1
822,372,1222,1
823,372,558,1
824,372,505,1
825,372,221,1
826,381,197,1
827,381,646,1
828,381,1245,1
829,381,195,1
830,381,586,1
831,381,1189,1
832,381,1203,1
833,381,460,1
834,381,1364,1
835,381,874,1
836,381,740,1
837,381,1215,1
838,381,277,1
839,381,5,1
840,381,357,1
841,381,454,1
842,385,612,1
843,385,365,1
844,385,1254,1
845,385,221,1
846,385,222,1
847,385,558,1
848,385,313,1
849,385,1369,1
850,385,526,1
851,392,487,1
852,392,454,1
853,392,76,1
854,392,33,1
855,392,489,1
856,392,874,1
857,392,367,1
858,392,1245,1
859,392,1027,1
860,392,694,1
861,393,33,1
862,393,149,1
863,393,1097,1
864,393,694,1
865,397,334,1
866,397,34,1
867,397,311,1
868,397,1192,1
869,403,475,1
870,403,33,1
871,405,72,1
872,405,33,1
873,405,332,1
874,405,1029,1
875,405,243,1
876,405,75,1
877,411,1333,1
878,411,356,1
879,411,609,1
880,411,1384,1
881,413,1119,1
882,413,1125,1
883,413,1248,1
884,413,558,1
885,413,72,1
886,420,243,1
887,432,600,1
888,432,465,1
889,432,36,1
890,432,1030,1
891,432,588,1
892,432,1306,1
893,432,612,1
894,435,1067,1
895,435,1173,1
896,435,528,1
897,442,1220,1
898,447,314,1
899,448,1035,1
900,448,1275,1
901,448,1027,1
902,448,807,1
903,448,328,1
904,448,385,1
905,448,313,1
906,454,586,1
907,454,1169,1
908,454,284,1
909,454,879,1
910,454,367,1
911,454,1364,1
912,454,1288,1
913,454,381,1
914,454,646,1
915,454,691,1
916,454,558,1
917,454,457,1
918,454,931,1
919,454,49,1
920,454,1215,1
921,454,65,1
922,454,1097,1
923,454,197,1
924,454,1182,1
925,454,1258,1
926,454,1374,1
927,454,1019,1
928,454,467,1
929,454,694,1
930,454,33,1
931,454,826,1
932,454,130,1
933,454,1356,1
934,454,882,1
935,454,195,1
936,454,346,1
937,454,1033,1
938,454,1067,1
939,454,1027,1
940,454,786,1
941,454,1238,1
942,454,357,1
943,456,1287,1
944,456,167,1
945,456,65,1
946,456,517,1
947,456,217,1
948,456,1169,1
949,456,769,1
950,456,1202,1
951,456,1005,1
952,456,330,1
953,457,1189,1
954,457,454,1
955,457,1139,1
956,457,933,1
957,457,1364,1
958,457,675,1
959,458,280,1
960,458,474,1
961,459,612,1
962,460,874,1
963,460,454,1
964,460,1215,1
965,460,130,1
966,460,675,1
967,460,914,1
968,460,1364,1
969,460,1258,1
970,460,1149,1
971,460,740,1
972,460,66,1
973,460,678,1
974,460,346,1
975,460,357,1
976,460,1027,1
977,460,500,1
978,460,826,1
979,460,878,1
980,461,407,1
981,462,208,1
982,462,519,1
983,462,318,1
984,462,1398,1
985,462,713,1
986,462,1404,1
987,462,612,1
988,462,1035,1
989,462,1302,1
990,462,642,1
991,462,1045,1
992,465,606,1
993,465,823,1
994,465,620,1
995,465,1029,1
996,465,1243,1
997,465,932,1
998,465,432,1
999,465,534,1
1000,473,1302,1
1001,473,588,1
1002,473,554,1
1003,475,1189,1
1004,475,1027,1
1005,475,1364,1
1006,475,1097,1
1007,475,403,1
1008,475,874,1
1009,475,1245,1
1010,475,868,1
1011,476,1367,1
1012,476,612,1
1013,487,108,1
1014,487,848,1
1015,487,1186,1
1016,487,14,1
1017,487,367,1
1018,487,1189,1
1019,487,1245,1
1020,487,360,1
1021,487,404,1
1022,487,46,1
1023,487,675,1
1024,487,425,1
1025,487,946,1
1026,487,392,1
1027,487,694,1
1028,487,1027,1
1029,487,751,1
1030,487,1364,1
1031,487,206,1
1032,487,1097,1
1033,489,160,1
1034,489,392,1
1035,489,983,1
1036,489,1027,1
1037,489,874,1
1038,489,1288,1
1039,489,1189,1
1040,489,487,1
1041,489,694,1
1042,489,675,1
1043,489,34,1
1044,489,454,1
1045,489,33,1
1046,489,313,1
1047,490,511,1
1048,490,325,1
1049,490,746,1
1050,490,299,1
1051,490,1320,1
1052,490,1155,1
1053,490,560,1
1054,490,685,1
1055,490,1319,1
1056,490,306,1
1057,490,1218,1
1058,490,269,1
1059,490,227,1
1060,490,791,1
1061,490,1230,1
1062,495,986,1
1063,495,477,1
1064,500,381,1
1065,500,380,1
1066,500,1004,1
1067,500,740,1
1068,500,1139,1
1069,500,826,1
1070,500,736,1
1071,500,66,1
1072,503,612,1
1073,503,931,1
1074,505,410,1
1075,505,1119,1
1076,505,217,1
1077,505,367,1
1078,505,167,1
1079,507,1046,1
1080,507,1344,1
1081,507,85,1
1082,507,918,1
1083,507,632,1
1084,511,1155,1
1085,511,883,1
1086,511,737,1
1087,511,101,1
1088,511,791,1
1089,511,281,1
1090,511,325,1
1091,511,1218,1
1092,511,227,1
1093,511,882,1
1094,511,51,1
1095,511,1350,1
1096,511,351,1
1097,511,1230,1
1098,511,837,1
1099,511,88,1
1100,511,1153,1
1101,511,306,1
1102,511,1278,1
1103,511,299,1
1104,511,911,1
1105,512,1342,1
1106,512,860,1
1107,512,1032,1
1108,512,347,1
1109,517,467,1
1110,517,330,1
1111,517,49,1
1112,517,891,1
1113,517,612,1
1114,517,555,1
1115,517,456,1
1116,517,1202,1
1117,517,806,1
1118,517,641,1
1119,517,305,1
1120,517,47,1
1121,517,1029,1
1122,519,1398,1
1123,519,642,1
1124,519,1045,1
1125,519,962,1
1126,525,657,1
1127,525,834,1
1128,525,1052,1
1129,525,75,1
1130,528,1173,1
1131,528,435,1
1132,534,973,1
1133,534,332,1
1134,534,812,1
1135,534,1029,1
1136,548,805,1
1137,548,945,1
1138,548,1042,1
1139,548,1385,1
1140,548,242,1
1141,548,947,1
1142,548,810,1
1143,548,1219,1
1144,548,463,1
1145,548,558,1
1146,548,198,1
1147,548,521,1
1148,551,879,1
1149,551,931,1
1150,554,152,1
1151,558,1027,1
1152,558,243,1
1153,558,360,1
1154,558,489,1
1155,558,257,1
1156,558,307,1
1157,558,1023,1
1158,558,874,1
1159,558,1254,1
1160,558,328,1
1161,558,1202,1
1162,558,693,1
1163,558,242,1
1164,558,1097,1
1165,558,1134,1
1166,558,606,1
1167,558,34,1
1168,558,72,1
1169,558,521,1
1170,558,1317,1
1171,558,372,1
1172,558,848,1
1173,558,1385,1
1174,558,736,1
1175,558,206,1
1176,558,1245,1
1177,558,683,1
1178,558,612,1
1179,558,1250,1
1180,558,221,1
1181,558,487,1
1182,558,141,1
1183,558,1302,1
1184,563,34,1
1185,563,340,1
1186,568,700,1
1187,568,110,1
1188,584,75,1
1189,584,784,1
1190,584,843,1
1191,584,185,1
1192,584,726,1
1193,584,1296,1
1194,584,1227,1
1195,584,572,1
1196,584,147,1
1197,584,509,1
1198,585,314,1
1199,586,277,1
1200,586,456,1
1201,586,1027,1
1202,586,346,1
1203,586,454,1
1204,586,736,1
1205,586,874,1
1206,586,1245,1
1207,586,1033,1
1208,586,1189,1
1209,586,284,1
1210,586,1364,1
1211,586,646,1
1212,586,914,1
1213,586,195,1
1214,586,826,1
1215,586,5,1
1216,588,606,1
1217,588,432,1
1218,588,313,1
1219,588,222,1
1220,588,1344,1
1221,588,1023,1
1222,588,1035,1
1223,588,405,1
1224,588,156,1
1225,588,659,1
1226,588,1099,1
1227,588,892,1
1228,588,743,1
1229,588,36,1
1230,588,448,1
1231,588,17,1
1232,588,243,1
1233,588,762,1
1234,588,879,1
1235,588,385,1
1236,588,612,1
1237,588,319,1
1238,588,932,1
1239,588,253,1
1240,588,108,1
1241,600,157,1
1242,600,680,1
1243,600,892,1
1244,600,1019,1
1245,600,152,1
1246,600,841,1
1247,600,950,1
1248,600,1359,1
1249,600,1028,1
1250,600,587,1
1251,600,588,1
1252,600,862,1
1253,600,1326,1
1254,600,1344,1
1255,600,36,1
1256,600,942,1
1257,600,93,1
1258,600,1243,1
1259,600,409,1
1260,600,739,1
1261,600,163,1
1262,600,826,1
1263,600,32,1
1264,600,765,1
1265,600,653,1
1266,600,608,1
1267,600,850,1
1268,600,930,1
1269,603,914,1
1270,603,878,1
1271,603,130,1
1272,606,305,1
1273,606,558,1
1274,606,72,1
1275,606,1222,1
1276,606,34,1
1277,606,982,1
1278,606,1250,1
1279,606,534,1
1280,606,183,1
1281,606,588,1
1282,606,1243,1
1283,606,465,1
1284,606,297,1
1285,606,1357,1
1286,606,848,1
1287,609,271,1
1288,609,719,1
1289,609,566,1
1290,609,931,1
1291,609,1206,1
1292,609,1344,1
1293,609,401,1
1294,609,254,1
1295,609,905,1
1296,609,539,1
1297,609,340,1
1298,609,660,1
1299,609,249,1
1300,609,202,1
1301,609,1243,1
1302,609,918,1
1303,609,997,1
1304,609,418,1
1305,609,879,1
1306,609,289,1
1307,609,686,1
1308,609,108,1
1309,609,664,1
1310,609,411,1
1311,609,1194,1
1312,609,1378,1
1313,612,34,1
1314,612,459,1
1315,612,236,1
1316,612,1243,1
1317,612,1081,1
1318,612,467,1
1319,612,222,1
1320,612,1134,1
1321,612,693,1
1322,612,456,1
1323,612,432,1
1324,612,1302,1
1325,612,1125,1
1326,612,517,1
1327,612,206,1
1328,612,503,1
1329,612,389,1
1330,612,976,1
1331,612,17,1
1332,612,516,1
1333,612,670,1
1334,612,982,1
1335,612,476,1
1336,612,750,1
1337,612,931,1
1338,612,1119,1
1339,612,739,1
1340,612,621,1
1341,612,588,1
1342,612,1357,1
1343,612,1250,1
1344,612,87,1
1345,612,613,1
1346,612,462,1
1347,612,657,1
1348,612,1063,1
1349,612,834,1
1350,612,217,1
1351,612,570,1
1352,612,877,1
1353,612,1054,1
1354,612,1176,1
1355,612,690,1
1356,612,257,1
1357,612,367,1
1358,612,1287,1
1359,612,1012,1
1360,612,47,1
1361,612,28,1
1362,612,1035,1
1363,612,687,1
1364,612,525,1
1365,612,1216,1
1366,612,995,1
1367,612,765,1
1368,612,410,1
1369,612,1207,1
1370,612,1032,1
1371,612,361,1
1372,612,36,1
1373,612,398,1
1374,612,826,1
1375,612,477,1
1376,612,1383,1
1377,612,762,1
1378,612,141,1
1379,612,769,1
1380,612,505,1
1381,620,1243,1
1382,620,1029,1
1383,620,747,1
1384,620,931,1
1385,620,776,1
1386,620,465,1
1387,626,1341,1
1388,626,190,1
1389,626,600,1
1390,626,232,1
1391,629,198,1
1392,635,882,1
1393,635,227,1
1394,635,748,1
1395,635,269,1
1396,635,1138,1
1397,635,671,1
1398,635,1319,1
1399,635,1238,1
1400,635,1364,1
1401,635,707,1
1402,635,1155,1
1403,635,991,1
1404,635,988,1
1405,635,1140,1
1406,635,156,1
1407,635,579,1
1408,635,675,1
1409,635,423,1
1410,635,351,1
1411,635,1153,1
1412,639,962,1
1413,642,166,1
1414,642,226,1
1415,642,208,1
1416,642,193,1
1417,642,612,1
1418,642,713,1
1419,642,1045,1
1420,642,506,1
1421,642,318,1
1422,643,76,1
1423,643,844,1
1424,657,1052,1
1425,657,769,1
1426,657,55,1
1427,657,1057,1
1428,657,307,1
1429,657,79,1
1430,657,784,1
1431,657,1243,1
1432,657,895,1
1433,657,383,1
1434,657,152,1
1435,657,612,1
1436,657,1317,1
1437,657,173,1
1438,657,1268,1
1439,657,1248,1
1440,659,334,1
1441,659,732,1
1442,659,981,1
1443,659,997,1
1444,659,297,1
1445,659,620,1
1446,659,765,1
1447,659,360,1
1448,659,305,1
1449,659,534,1
1450,659,1243,1
1451,659,253,1
1452,659,332,1
1453,660,566,1
1454,660,34,1
1455,660,30,1
1456,660,1054,1
1457,660,183,1
1458,660,609,1
1459,660,202,1
1460,662,558,1
1461,662,1222,1
1462,663,462,1
1463,663,1072,1
1464,663,1404,1
1465,663,1086,1
1466,668,1144,1
1467,668,521,1
1468,668,189,1
1469,668,330,1
1470,668,1197,1
1471,668,1219,1
1472,668,805,1
1473,668,173,1
1474,668,1317,1
1475,668,1248,1
1476,668,859,1
1477,668,319,1
1478,668,50,1
1479,668,538,1
1480,668,966,1
1481,668,47,1
1482,668,298,1
1483,668,188,1
1484,668,1268,1
1485,670,131,1
1486,670,1344,1
1487,670,931,1
1488,670,221,1
1489,670,385,1
1490,670,1222,1
1491,670,372,1
1492,670,72,1
1493,670,879,1
1494,670,367,1
1495,670,1125,1
1496,670,558,1
1497,670,333,1
1498,670,1023,1
1499,670,1053,1
1500,670,292,1
1501,671,1138,1
1502,671,635,1
1503,671,454,1
1504,671,707,1
1505,671,1245,1
1506,671,675,1
1507,671,991,1
1508,671,1364,1
1509,673,903,1
1510,673,340,1
1511,675,868,1
1512,675,1356,1
1513,675,197,1
1514,675,33,1
1515,675,914,1
1516,675,874,1
1517,675,457,1
1518,675,1189,1
1519,675,1182,1
1520,675,853,1
1521,675,1140,1
1522,675,156,1
1523,675,487,1
1524,675,49,1
1525,675,740,1
1526,675,1097,1
1527,675,1074,1
1528,675,66,1
1529,675,1023,1
1530,675,101,1
1531,675,1364,1
1532,675,392,1
1533,675,1320,1
1534,675,1019,1
1535,675,284,1
1536,675,1342,1
1537,675,991,1
1538,675,1238,1
1539,675,879,1
1540,675,47,1
1541,675,475,1
1542,675,786,1
1543,675,1016,1
1544,675,195,1
1545,675,277,1
1546,675,346,1
1547,675,56,1
1548,675,646,1
1549,675,65,1
1550,675,671,1
1551,675,454,1
1552,675,423,1
1553,680,242,1
1554,680,472,1
1555,680,653,1
1556,683,639,1
1557,683,558,1
1558,683,747,1
1559,683,345,1
1560,683,982,1
1561,686,1194,1
1562,686,116,1
1563,687,1134,1
1564,687,670,1
1565,687,1313,1
1566,687,612,1
1567,690,620,1
1568,690,384,1
1569,690,612,1
1570,690,726,1
1571,690,108,1
1572,690,879,1
1573,690,942,1
1574,690,1249,1
1575,691,1053,1
1576,691,240,1
1577,691,612,1
1578,691,56,1
1579,691,985,1
1580,691,222,1
1581,691,217,1
1582,691,1189,1
1583,691,49,1
1584,691,475,1
1585,691,874,1
1586,691,328,1
1587,693,1357,1
1588,693,1202,1
1589,693,367,1
1590,693,683,1
1591,693,1222,1
1592,693,612,1
1593,693,211,1
1594,693,345,1
1595,693,1134,1
1596,694,487,1
1597,694,206,1
1598,694,1364,1
1599,694,874,1
1600,694,675,1
1601,694,393,1
1602,694,1027,1
1603,694,1356,1
1604,694,489,1
1605,698,1055,1
1606,698,1254,1
1607,704,879,1
1608,704,108,1
1609,704,1033,1
1610,704,36,1
1611,707,874,1
1612,707,1189,1
1613,707,156,1
1614,707,671,1
1615,707,675,1
1616,707,1364,1
1617,707,868,1
1618,707,1245,1
1619,710,33,1
1620,710,1097,1
1621,716,1086,1
1622,716,1231,1
1623,716,1243,1
1624,716,659,1
1625,726,383,1
1626,726,1296,1
1627,726,1268,1
1628,726,185,1
1629,726,261,1
1630,726,1381,1
1631,726,657,1
1632,726,1343,1
1633,726,75,1
1634,726,1289,1
1635,726,390,1
1636,726,1322,1
1637,726,509,1
1638,726,147,1
1639,726,784,1
1640,732,659,1
1641,732,297,1
1642,736,460,1
1643,736,586,1
1644,736,1139,1
1645,736,558,1
1646,736,381,1
1647,740,5,1
1648,740,1258,1
1649,740,874,1
1650,740,1139,1
1651,740,460,1
1652,740,1149,1
1653,740,381,1
1654,740,197,1
1655,740,68,1
1656,740,1004,1
1657,740,646,1
1658,740,826,1
1659,740,1189,1
1660,740,914,1
1661,740,277,1
1662,740,1318,1
1663,740,66,1
1664,740,500,1
1665,740,284,1
1666,740,1364,1
1667,740,113,1
1668,740,59,1
1669,745,1317,1
1670,745,1248,1
1671,745,164,1
1672,745,223,1
1673,745,240,1
1674,745,980,1
1675,745,47,1
1676,745,342,1
1677,745,292,1
1678,745,1277,1
1679,745,317,1
1680,745,538,1
1681,745,439,1
1682,745,691,1
1683,745,947,1
1684,745,1023,1
1685,745,1311,1
1686,745,307,1
1687,745,178,1
1688,745,1219,1
1689,745,1197,1
1690,745,842,1
1691,745,328,1
1692,745,985,1
1693,745,810,1
1694,745,494,1
1695,745,1002,1
1696,745,1268,1
1697,745,1169,1
1698,745,50,1
1699,747,1096,1
1700,747,1243,1
1701,747,1202,1
1702,747,3,1
1703,754,19,1
1704,754,1019,1
1705,759,173,1
1706,759,687,1
1707,759,34,1
1708,759,1268,1
1709,765,588,1
1710,765,305,1
1711,765,931,1
1712,765,1357,1
1713,765,942,1
1714,765,1243,1
1715,765,600,1
1716,765,271,1
1717,765,384,1
1718,765,1302,1
1719,765,367,1
1720,765,879,1
1721,765,141,1
1722,768,340,1
1723,769,1374,1
1724,769,398,1
1725,769,55,1
1726,769,1391,1
1727,769,1032,1
1728,769,612,1
1729,769,79,1
1730,769,1243,1
1731,769,1202,1
1732,769,1057,1
1733,771,925,1
1734,771,867,1
1735,771,1001,1
1736,771,1108,1
1737,771,628,1
1738,776,202,1
1739,776,620,1
1740,776,609,1
1741,776,588,1
1742,784,1289,1
1743,784,14,1
1744,784,1381,1
1745,784,185,1
1746,784,1240,1
1747,784,1057,1
1748,784,1227,1
1749,784,147,1
1750,784,75,1
1751,784,509,1
1752,784,1296,1
1753,784,135,1
1754,784,79,1
1755,784,1027,1
1756,784,572,1
1757,786,675,1
1758,786,454,1
1759,786,1245,1
1760,786,707,1
1761,786,868,1
1762,786,874,1
1763,786,1364,1
1764,807,462,1
1765,807,1027,1
1766,807,36,1
1767,807,432,1
1768,807,1030,1
1769,807,680,1
1770,807,823,1
1771,807,1306,1
1772,807,1035,1
1773,816,1072,1
1774,816,462,1
1775,816,834,1
1776,816,600,1
1777,823,421,1
1778,823,1032,1
1779,823,704,1
1780,823,36,1
1781,823,987,1
1782,823,932,1
1783,823,807,1
1784,826,874,1
1785,826,853,1
1786,826,66,1
1787,826,1357,1
1788,826,1215,1
1789,826,59,1
1790,826,1140,1
1791,826,1027,1
1792,826,586,1
1793,826,1004,1
1794,826,1139,1
1795,826,381,1
1796,826,197,1
1797,826,1364,1
1798,826,1245,1
1799,826,86,1
1800,826,195,1
1801,826,5,1
1802,826,914,1
1803,826,1149,1
1804,826,460,1
1805,834,318,1
1806,834,525,1
1807,834,152,1
1808,834,919,1
1809,834,600,1
1810,834,1070,1
1811,834,1072,1
1812,834,361,1
1813,835,487,1
1814,835,1125,1
1815,835,190,1
1816,835,1000,1
1817,835,360,1
1818,835,46,1
1819,835,1023,1
1820,847,716,1
1821,847,72,1
1822,848,1364,1
1823,848,333,1
1824,848,694,1
1825,848,675,1
1826,848,1189,1
1827,848,489,1
1828,848,33,1
1829,848,659,1
1830,848,392,1
1831,848,1288,1
1832,848,367,1
1833,848,1243,1
1834,848,206,1
1835,848,1245,1
1836,848,1097,1
1837,848,1029,1
1838,849,1220,1
1839,849,442,1
1840,849,1076,1
1841,853,1004,1
1842,853,914,1
1843,853,506,1
1844,853,381,1
1845,853,346,1
1846,853,113,1
1847,853,1149,1
1848,853,1222,1
1849,853,874,1
1850,853,646,1
1851,853,94,1
1852,853,1215,1
1853,853,1258,1
1854,853,277,1
1855,853,1189,1
1856,853,826,1
1857,853,700,1
1858,853,586,1
1859,853,284,1
1860,853,1140,1
1861,853,454,1
1862,853,215,1
1863,853,740,1
1864,860,716,1
1865,860,931,1
1866,860,765,1
1867,860,512,1
1868,861,879,1
1869,861,931,1
1870,868,1189,1
1871,868,475,1
1872,868,1238,1
1873,868,786,1
1874,868,874,1
1875,868,403,1
1876,868,675,1
1877,868,707,1
1878,873,876,1
1879,874,914,1
1880,874,558,1
1881,874,197,1
1882,874,467,1
1883,874,1288,1
1884,874,14,1
1885,874,392,1
1886,874,1155,1
1887,874,315,1
1888,874,1027,1
1889,874,868,1
1890,874,853,1
1891,874,5,1
1892,874,931,1
1893,874,1169,1
1894,874,1238,1
1895,874,1374,1
1896,874,1023,1
1897,874,357,1
1898,874,1245,1
1899,874,156,1
1900,874,101,1
1901,874,66,1
1902,874,1356,1
1903,874,195,1
1904,874,56,1
1905,874,130,1
1906,874,694,1
1907,874,330,1
1908,874,277,1
1909,874,848,1
1910,874,381,1
1911,874,740,1
1912,874,995,1
1913,874,635,1
1914,874,675,1
1915,877,17,1
1916,877,612,1
1917,877,1317,1
1918,878,1318,1
1919,878,1018,1
1920,878,603,1
1921,878,130,1
1922,878,914,1
1923,878,145,1
1924,878,853,1
1925,879,1332,1
1926,879,609,1
1927,879,156,1
1928,879,1374,1
1929,879,271,1
1930,879,1027,1
1931,879,131,1
1932,879,34,1
1933,879,860,1
1934,879,28,1
1935,879,503,1
1936,879,1249,1
1937,879,1344,1
1938,879,340,1
1939,879,33,1
1940,879,1386,1
1941,879,1261,1
1942,879,1378,1
1943,879,1126,1
1944,879,874,1
1945,879,931,1
1946,879,690,1
1947,879,918,1
1948,879,1243,1
1949,879,551,1
1950,879,861,1
1951,881,307,1
1952,881,36,1
1953,882,988,1
1954,882,269,1
1955,882,1148,1
1956,882,746,1
1957,882,351,1
1958,882,579,1
1959,882,1027,1
1960,882,1319,1
1961,882,294,1
1962,882,511,1
1963,882,911,1
1964,882,227,1
1965,882,635,1
1966,882,169,1
1967,882,1153,1
1968,882,1105,1
1969,882,1155,1
1970,882,306,1
1971,882,837,1
1972,882,1278,1
1973,882,1189,1
1974,882,874,1
1975,882,959,1
1976,882,490,1
1977,899,806,1
1978,903,435,1
1979,903,1356,1
1980,903,1067,1
1981,903,932,1
1982,903,609,1
1983,913,1002,1
1984,913,1248,1
1985,913,521,1
1986,913,365,1
1987,913,173,1
1988,918,879,1
1989,918,34,1
1990,918,85,1
1991,918,932,1
1992,923,586,1
1993,931,33,1
1994,931,1194,1
1995,931,74,1
1996,931,271,1
1997,931,1353,1
1998,931,739,1
1999,931,1243,1
2000,931,305,1
2001,931,214,1
2002,931,1332,1
2003,931,1364,1
2004,931,131,1
2005,931,503,1
2006,931,609,1
2007,931,34,1
2008,931,670,1
2009,931,675,1
2010,931,879,1
2011,931,1344,1
2012,931,108,1
2013,931,1189,1
2014,931,1387,1
2015,932,340,1
2016,932,465,1
2017,932,588,1
2018,932,918,1
2019,932,1067,1
2020,932,74,1
2021,932,1344,1
2022,932,673,1
2023,932,903,1
2024,932,946,1
2025,933,1139,1
2026,933,241,1
2027,933,1089,1
2028,946,226,1
2029,946,677,1
2030,946,251,1
2031,946,141,1
2032,946,143,1
2033,946,313,1
2034,946,903,1
2035,946,448,1
2036,946,383,1
2037,946,1067,1
2038,946,588,1
2039,946,600,1
2040,947,158,1
2041,947,805,1
2042,947,191,1
2043,947,1042,1
2044,947,842,1
2045,947,307,1
2046,947,1385,1
2047,947,985,1
2048,947,1248,1
2049,947,111,1
2050,947,945,1
2051,947,1197,1
2052,947,521,1
2053,947,802,1
2054,947,745,1
2055,947,463,1
2056,947,173,1
2057,947,1268,1
2058,947,548,1
2059,947,1002,1
2060,947,1219,1
2061,962,713,1
2062,962,639,1
2063,962,1176,1
2064,962,1404,1
2065,962,1398,1
2066,962,1081,1
2067,962,1072,1
2068,962,462,1
2069,963,297,1
2070,963,1243,1
2071,968,1053,1
2072,968,47,1
2073,968,317,1
2074,968,1169,1
2075,973,534,1
2076,981,297,1
2077,981,397,1
2078,982,33,1
2079,982,1384,1
2080,982,606,1
2081,982,243,1
2082,982,1197,1
2083,982,1099,1
2084,982,683,1
2085,982,1029,1
2086,983,391,1
2087,983,489,1
2088,983,313,1
2089,987,1029,1
2090,987,973,1
2091,988,1245,1
2092,988,635,1
2093,988,558,1
2094,988,423,1
2095,988,49,1
2096,988,882,1
2097,988,1364,1
2098,989,1095,1
2099,989,1204,1
2100,991,675,1
2101,991,748,1
2102,991,1364,1
2103,991,834,1
2104,995,874,1
2105,995,675,1
2106,995,454,1
2107,995,1364,1
2108,995,49,1
2109,1004,500,1
2110,1004,1254,1
2111,1004,826,1
2112,1004,1342,1
2113,1004,66,1
2114,1004,197,1
2115,1004,277,1
2116,1004,698,1
2117,1016,1074,1
2118,1016,748,1
2119,1016,1364,1
2120,1016,671,1
2121,1027,691,1
2122,1027,1035,1
2123,1027,65,1
2124,1027,1019,1
2125,1027,346,1
2126,1027,467,1
2127,1027,1312,1
2128,1027,367,1
2129,1027,33,1
2130,1027,1364,1
2131,1027,487,1
2132,1027,392,1
2133,1027,489,1
2134,1027,1288,1
2135,1027,330,1
2136,1027,784,1
2137,1027,558,1
2138,1027,381,1
2139,1027,206,1
2140,1027,1356,1
2141,1027,1023,1
2142,1027,197,1
2143,1027,914,1
2144,1027,995,1
2145,1027,694,1
2146,1027,284,1
2147,1027,1097,1
2148,1027,786,1
2149,1027,931,1
2150,1027,457,1
2151,1027,1245,1
2152,1027,848,1
2153,1027,1238,1
2154,1027,47,1
2155,1027,740,1
2156,1027,292,1
2157,1027,1189,1
2158,1027,66,1
2159,1027,475,1
2160,1029,982,1
2161,1029,659,1
2162,1029,3,1
2163,1029,606,1
2164,1029,332,1
2165,1029,1099,1
2166,1029,1243,1
2167,1029,848,1
2168,1029,465,1
2169,1029,297,1
2170,1032,512,1
2171,1032,79,1
2172,1032,823,1
2173,1032,287,1
2174,1033,108,1
2175,1033,0,1
2176,1033,1157,1
2177,1033,66,1
2178,1033,704,1
2179,1035,448,1
2180,1035,222,1
2181,1035,313,1
2182,1035,1027,1
2183,1035,385,1
2184,1035,946,1
2185,1035,588,1
2186,1037,459,1
2187,1037,1231,1
2188,1044,393,1
2189,1044,1097,1
2190,1044,710,1
2191,1044,1194,1
2192,1052,75,1
2193,1052,152,1
2194,1052,657,1
2195,1053,1248,1
2196,1053,317,1
2197,1053,178,1
2198,1053,330,1
2199,1053,365,1
2200,1053,1311,1
2201,1053,810,1
2202,1053,158,1
2203,1053,805,1
2204,1053,240,1
2205,1053,985,1
2206,1053,745,1
2207,1053,319,1
2208,1053,913,1
2209,1053,173,1
2210,1053,842,1
2211,1053,50,1
2212,1053,1340,1
2213,1053,1367,1
2214,1053,11,1
2215,1053,691,1
2216,1053,670,1
2217,1053,328,1
2218,1053,494,1
2219,1065,907,1
2220,1067,435,1
2221,1067,1353,1
2222,1067,946,1
2223,1067,932,1
2224,1072,663,1
2225,1072,962,1
2226,1072,816,1
2227,1073,1302,1
2228,1074,671,1
2229,1074,635,1
2230,1074,675,1
2231,1074,1016,1
2232,1081,612,1
2233,1089,491,1
2234,1097,454,1
2235,1097,1245,1
2236,1097,1364,1
2237,1097,33,1
2238,1097,710,1
2239,1097,392,1
2240,1097,874,1
2241,1097,1027,1
2242,1097,206,1
2243,1097,1044,1
2244,1097,1356,1
2245,1097,367,1
2246,1102,361,1
2247,1102,1384,1
2248,1102,1302,1
2249,1106,687,1
2250,1106,612,1
2251,1119,612,1
2252,1119,977,1
2253,1119,619,1
2254,1119,53,1
2255,1119,581,1
2256,1119,1179,1
2257,1119,778,1
2258,1119,353,1
2259,1119,775,1
2260,1119,934,1
2261,1119,505,1
2262,1119,328,1
2263,1119,109,1
2264,1125,305,1
2265,1125,143,1
2266,1125,28,1
2267,1125,221,1
2268,1125,108,1
2269,1125,413,1
2270,1125,365,1
2271,1125,693,1
2272,1125,72,1
2273,1125,988,1
2274,1134,687,1
2275,1134,693,1
2276,1138,671,1
2277,1138,675,1
2278,1138,1245,1
2279,1138,748,1
2280,1139,933,1
2281,1139,1322,1
2282,1139,500,1
2283,1139,197,1
2284,1139,460,1
2285,1139,1149,1
2286,1139,167,1
2287,1139,736,1
2288,1140,635,1
2289,1140,500,1
2290,1140,1253,1
2291,1140,675,1
2292,1140,1364,1
2293,1140,346,1
2294,1140,1149,1
2295,1140,1146,1
2296,1140,671,1
2297,1140,1004,1
2298,1140,197,1
2299,1146,1140,1
2300,1149,853,1
2301,1149,1140,1
2302,1149,925,1
2303,1149,59,1
2304,1149,727,1
2305,1149,757,1
2306,1149,167,1
2307,1149,197,1
2308,1149,1004,1
2309,1149,346,1
2310,1149,740,1
2311,1149,86,1
2312,1155,911,1
2313,1155,511,1
2314,1155,1350,1
2315,1155,1319,1
2316,1155,882,1
2317,1155,959,1
2318,1155,299,1
2319,1155,1364,1
2320,1155,49,1
2321,1155,1298,1
2322,1155,423,1
2323,1155,1320,1
2324,1155,791,1
2325,1155,1153,1
2326,1155,1148,1
2327,1155,88,1
2328,1155,325,1
2329,1155,306,1
2330,1155,1342,1
2331,1155,1278,1
2332,1176,1344,1
2333,1176,612,1
2334,1178,740,1
2335,1178,59,1
2336,1178,66,1
2337,1182,1364,1
2338,1182,691,1
2339,1182,56,1
2340,1182,874,1
2341,1182,1189,1
2342,1182,675,1
2343,1182,1027,1
2344,1187,786,1
2345,1187,682,1
2346,1189,357,1
2347,1189,330,1
2348,1189,874,1
2349,1189,1245,1
2350,1189,367,1
2351,1189,635,1
2352,1189,1215,1
2353,1189,586,1
2354,1189,1023,1
2355,1189,707,1
2356,1189,460,1
2357,1189,1097,1
2358,1189,694,1
2359,1189,853,1
2360,1189,454,1
2361,1189,475,1
2362,1189,56,1
2363,1189,66,1
2364,1189,691,1
2365,1189,914,1
2366,1189,457,1
2367,1189,740,1
2368,1189,995,1
2369,1189,68,1
2370,1189,1356,1
2371,1189,868,1
2372,1189,197,1
2373,1189,284,1
2374,1189,646,1
2375,1189,882,1
2376,1189,101,1
2377,1189,14,1
2378,1189,5,1
2379,1189,1258,1
2380,1189,1364,1
2381,1189,315,1
2382,1194,686,1
2383,1194,932,1
2384,1194,74,1
2385,1194,879,1
2386,1202,1261,1
2387,1202,517,1
2388,1202,747,1
2389,1202,693,1
2390,1202,1344,1
2391,1202,167,1
2392,1202,1249,1
2393,1202,46,1
2394,1202,558,1
2395,1202,1274,1
2396,1202,683,1
2397,1202,221,1
2398,1202,367,1
2399,1202,454,1
2400,1202,217,1
2401,1215,725,1
2402,1215,66,1
2403,1215,1189,1
2404,1215,346,1
2405,1215,826,1
2406,1215,454,1
2407,1215,197,1
2408,1215,215,1
2409,1215,357,1
2410,1215,130,1
2411,1215,1245,1
2412,1215,1258,1
2413,1215,586,1
2414,1215,195,1
2415,1215,853,1
2416,1215,675,1
2417,1215,113,1
2418,1215,740,1
2419,1216,108,1
2420,1216,606,1
2421,1216,1249,1
2422,1216,660,1
2423,1216,34,1
2424,1220,442,1
2425,1222,34,1
2426,1222,662,1
2427,1222,558,1
2428,1222,670,1
2429,1222,197,1
2430,1222,683,1
2431,1222,345,1
2432,1222,740,1
2433,1227,26,1
2434,1227,843,1
2435,1227,36,1
2436,1227,135,1
2437,1227,1381,1
2438,1227,726,1
2439,1227,383,1
2440,1227,1296,1
2441,1227,1268,1
2442,1227,185,1
2443,1231,716,1
2444,1231,108,1
2445,1231,931,1
2446,1231,879,1
2447,1231,116,1
2448,1231,1037,1
2449,1238,1189,1
2450,1238,454,1
2451,1238,868,1
2452,1238,1364,1
2453,1238,748,1
2454,1238,1027,1
2455,1238,874,1
2456,1238,786,1
2457,1241,653,1
2458,1241,600,1
2459,1243,879,1
2460,1243,743,1
2461,1243,474,1
2462,1243,997,1
2463,1243,620,1
2464,1243,36,1
2465,1243,30,1
2466,1243,108,1
2467,1243,835,1
2468,1243,209,1
2469,1243,1353,1
2470,1243,255,1
2471,1243,1084,1
2472,1243,942,1
2473,1243,78,1
2474,1243,236,1
2475,1243,716,1
2476,1243,1344,1
2477,1243,1343,1
2478,1243,1264,1
2479,1243,1302,1
2480,1243,765,1
2481,1243,1029,1
2482,1243,367,1
2483,1243,34,1
2484,1243,948,1
2485,1243,75,1
2486,1243,271,1
2487,1243,769,1
2488,1243,534,1
2489,1243,305,1
2490,1243,17,1
2491,1245,1016,1
2492,1245,1074,1
2493,1245,675,1
2494,1245,1312,1
2495,1245,277,1
2496,1245,1350,1
2497,1245,691,1
2498,1245,988,1
2499,1245,66,1
2500,1245,740,1
2501,1245,423,1
2502,1245,906,1
2503,1245,330,1
2504,1245,467,1
2505,1245,848,1
2506,1245,582,1
2507,1245,991,1
2508,1245,1182,1
2509,1245,874,1
2510,1245,931,1
2511,1245,475,1
2512,1245,882,1
2513,1245,487,1
2514,1245,489,1
2515,1245,457,1
2516,1245,1238,1
2517,1245,879,1
2518,1245,197,1
2519,1245,586,1
2520,1245,635,1
2521,1245,454,1
2522,1245,1027,1
2523,1245,646,1
2524,1245,68,1
2525,1245,995,1
2526,1245,1215,1
2527,1245,748,1
2528,1245,315,1
2529,1245,1169,1
2530,1245,381,1
2531,1245,130,1
2532,1245,460,1
2533,1245,101,1
2534,1245,914,1
2535,1249,384,1
2536,1249,1019,1
2537,1249,34,1
2538,1249,942,1
2539,1249,19,1
2540,1249,1344,1
2541,1249,1202,1
2542,1249,226,1
2543,1249,754,1
2544,1249,108,1
2545,1250,72,1
2546,1250,111,1
2547,1250,1023,1
2548,1250,606,1
2549,1250,34,1
2550,1250,612,1
2551,1250,17,1
2552,1250,558,1
2553,1254,558,1
2554,1254,698,1
2555,1254,385,1
2556,1254,1357,1
2557,1254,1295,1
2558,1254,131,1
2559,1258,381,1
2560,1258,197,1
2561,1258,740,1
2562,1258,646,1
2563,1258,586,1
2564,1258,1215,1
2565,1258,346,1
2566,1258,130,1
2567,1258,5,1
2568,1258,1027,1
2569,1258,284,1
2570,1258,675,1
2571,1258,1245,1
2572,1261,108,1
2573,1261,1202,1
2574,1261,87,1
2575,1261,367,1
2576,1274,489,1
2577,1274,1032,1
2578,1274,661,1
2579,1274,823,1
2580,1274,1202,1
2581,1274,1349,1
2582,1274,313,1
2583,1274,983,1
2584,1275,222,1
2585,1275,448,1
2586,1287,113,1
2587,1287,548,1
2588,1287,558,1
2589,1287,242,1
2590,1287,360,1
2591,1287,1254,1
2592,1287,612,1
2593,1287,94,1
2594,1287,1385,1
2595,1288,1027,1
2596,1288,206,1
2597,1288,33,1
2598,1288,487,1
2599,1288,1189,1
2600,1288,489,1
2601,1288,675,1
2602,1288,1364,1
2603,1295,46,1
2604,1302,663,1
2605,1302,765,1
2606,1302,1344,1
2607,1302,612,1
2608,1302,1243,1
2609,1302,1102,1
2610,1302,305,1
2611,1302,32,1
2612,1302,462,1
2613,1302,588,1
2614,1302,141,1
2615,1303,879,1
2616,1303,284,1
2617,1303,1332,1
2618,1303,1313,1
2619,1303,931,1
2620,1303,108,1
2621,1312,675,1
2622,1312,1245,1
2623,1312,454,1
2624,1312,874,1
2625,1312,1189,1
2626,1313,687,1
2627,1313,1106,1
2628,1319,746,1
2629,1319,1278,1
2630,1319,1155,1
2631,1319,1214,1
2632,1319,1320,1
2633,1319,325,1
2634,1319,560,1
2635,1319,306,1
2636,1319,490,1
2637,1319,36,1
2638,1319,882,1
2639,1322,726,1
2640,1322,457,1
2641,1322,807,1
2642,1322,933,1
2643,1332,931,1
2644,1332,1303,1
2645,1332,221,1
2646,1332,33,1
2647,1333,1384,1
2648,1333,411,1
2649,1342,101,1
2650,1342,882,1
2651,1342,512,1
2652,1342,1245,1
2653,1342,635,1
2654,1342,1004,1
2655,1342,878,1
2656,1344,251,1
2657,1344,1374,1
2658,1344,600,1
2659,1344,516,1
2660,1344,1303,1
2661,1344,271,1
2662,1344,892,1
2663,1344,1249,1
2664,1344,30,1
2665,1344,816,1
2666,1344,932,1
2667,1344,34,1
2668,1344,249,1
2669,1344,1086,1
2670,1344,462,1
2671,1344,931,1
2672,1344,1353,1
2673,1344,588,1
2674,1344,849,1
2675,1344,1176,1
2676,1344,1202,1
2677,1344,670,1
2678,1344,834,1
2679,1344,384,1
2680,1348,197,1
2681,1348,5,1
2682,1350,1023,1
2683,1350,911,1
2684,1350,959,1
2685,1350,791,1
2686,1350,88,1
2687,1350,490,1
2688,1350,579,1
2689,1350,1155,1
2690,1350,101,1
2691,1350,1245,1
2692,1350,306,1
2693,1350,1278,1
2694,1350,294,1
2695,1350,1342,1
2696,1350,1000,1
2697,1350,299,1
2698,1356,1364,1
2699,1356,1097,1
2700,1356,675,1
2701,1356,489,1
2702,1356,903,1
2703,1356,874,1
2704,1356,1245,1
2705,1356,694,1
2706,1364,879,1
2707,1364,1074,1
2708,1364,33,1
2709,1364,460,1
2710,1364,1374,1
2711,1364,1312,1
2712,1364,558,1
2713,1364,1019,1
2714,1364,1023,1
2715,1364,475,1
2716,1364,14,1
2717,1364,995,1
2718,1364,357,1
2719,1364,197,1
2720,1364,1097,1
2721,1364,1288,1
2722,1364,675,1
2723,1364,5,1
2724,1364,691,1
2725,1364,392,1
2726,1364,56,1
2727,1364,1215,1
2728,1364,68,1
2729,1364,66,1
2730,1364,330,1
2731,1364,991,1
2732,1364,848,1
2733,1364,786,1
2734,1364,748,1
2735,1364,853,1
2736,1364,346,1
2737,1364,906,1
2738,1364,1238,1
2739,1364,130,1
2740,1364,487,1
2741,1364,1182,1
2742,1364,988,1
2743,1364,156,1
2744,1364,646,1
2745,1364,931,1
2746,1364,882,1
2747,1364,381,1
2748,1376,1225,1
2749,1378,609,1
2750,1378,202,1
2751,1378,860,1
2752,1384,64,1
2753,1384,1102,1
2754,1384,747,1
2755,1384,1302,1
2756,1384,982,1
2757,1384,361,1
2758,1384,932,1
2759,1387,180,1
2760,1387,1231,1
2761,1387,1243,1
2762,1387,931,1
2763,0,1177,0
2764,5,20,0
2765,5,523,0
2766,5,631,0
2767,5,1255,0
2768,5,1382,0
2769,5,1270,0
2770,5,1244,0
2771,5,767,0
2772,5,158,0
2773,5,291,0
2774,5,395,0
2775,5,112,0
2776,5,906,0
2777,5,362,0
2778,5,348,0
2779,5,739,0
2780,7,1074,0
2781,18,238,0
2782,30,1177,0
2783,30,418,0
2784,30,765,0
2785,30,772,0
2786,30,1045,0
2787,30,860,0
2788,30,1133,0
2789,30,1311,0
2790,30,705,0
2791,30,95,0
2792,30,667,0
2793,30,1303,0
2794,30,524,0
2795,32,1367,0
2796,32,643,0
2797,32,102,0
2798,32,327,0
2799,32,1136,0
2800,32,1193,0
2801,32,1280,0
2802,32,349,0
2803,32,404,0
2804,32,467,0
2805,32,465,0
2806,32,687,0
2807,32,371,0
2808,32,1372,0
2809,32,61,0
2810,32,163,0
2811,32,143,0
2812,32,918,0
2813,32,1190,0
2814,32,818,0
2815,32,389,0
2816,33,1370,0
2817,33,122,0
2818,33,797,0
2819,33,1353,0
2820,33,92,0
2821,33,141,0
2822,33,428,0
2823,33,1011,0
2824,33,1392,0
2825,33,1396,0
2826,33,1394,0
2827,33,728,0
2828,33,593,0
2829,33,299,0
2830,33,610,0
2831,33,395,0
2832,34,788,0
2833,34,618,0
2834,34,277,0
2835,34,1148,0
2836,34,545,0
2837,34,222,0
2838,34,150,0
2839,34,887,0
2840,34,440,0
2841,34,1168,0
2842,34,352,0
2843,34,1277,0
2844,34,686,0
2845,34,1399,0
2846,34,506,0
2847,34,226,0
2848,34,1128,0
2849,34,399,0
2850,34,1112,0
2851,34,178,0
2852,34,434,0
2853,34,554,0
2854,34,414,0
2855,36,1199,0
2856,36,1201,0
2857,36,821,0
2858,36,144,0
2859,36,755,0
2860,36,723,0
2861,36,1326,0
2862,36,18,0
2863,36,65,0
2864,36,185,0
2865,36,7,0
2866,36,193,0
2867,36,749,0
2868,36,683,0
2869,36,972,0
2870,36,502,0
2871,44,524,0
2872,44,392,0
2873,44,1257,0
2874,44,1251,0
2875,44,937,0
2876,44,1284,0
2877,44,540,0
2878,46,429,0
2879,46,884,0
2880,46,1176,0
2881,46,698,0
2882,46,297,0
2883,46,1289,0
2884,49,1351,0
2885,49,548,0
2886,49,712,0
2887,49,1385,0
2888,49,1177,0
2889,49,762,0
2890,49,555,0
2891,49,1239,0
2892,49,880,0
2893,49,716,0
2894,49,174,0
2895,49,985,0
2896,49,309,0
2897,49,1137,0
2898,55,98,0
2899,55,1317,0
2900,55,852,0
2901,55,471,0
2902,56,1065,0
2903,56,1145,0
2904,56,129,0
2905,56,443,0
2906,56,759,0
2907,56,733,0
2908,56,686,0
2909,56,154,0
2910,56,1080,0
2911,59,1383,0
2912,59,990,0
2913,59,14,0
2914,59,109,0
2915,59,506,0
2916,59,228,0
2917,59,733,0
2918,59,662,0
2919,66,688,0
2920,66,960,0
2921,66,384,0
2922,66,1162,0
2923,66,1343,0
2924,66,932,0
2925,66,1223,0
2926,66,570,0
2927,66,1324,0
2928,66,742,0
2929,66,285,0
2930,66,712,0
2931,66,302,0
2932,66,821,0
2933,66,759,0
2934,66,1268,0
2935,71,114,0
2936,72,1386,0
2937,72,227,0
2938,72,920,0
2939,72,1264,0
2940,72,40,0
2941,72,121,0
2942,72,1184,0
2943,72,565,0
2944,72,677,0
2945,72,458,0
2946,72,1141,0
2947,72,468,0
2948,72,744,0
2949,72,11,0
2950,72,1409,0
2951,72,870,0
2952,72,309,0
2953,72,917,0
2954,74,551,0
2955,74,408,0
2956,74,1008,0
2957,74,84,0
2958,74,677,0
2959,74,724,0
2960,74,141,0
2961,76,335,0
2962,76,1370,0
2963,79,721,0
2964,79,447,0
2965,79,592,0
2966,79,1075,0
2967,85,97,0
2968,85,528,0
2969,85,348,0
2970,86,621,0
2971,86,272,0
2972,86,282,0
2973,86,206,0
2974,86,1134,0
2975,86,745,0
2976,86,1289,0
2977,89,585,0
2978,89,268,0
2979,108,47,0
2980,108,332,0
2981,108,858,0
2982,108,72,0
2983,108,543,0
2984,108,638,0
2985,108,1349,0
2986,108,80,0
2987,108,1178,0
2988,108,201,0
2989,108,1121,0
2990,108,542,0
2991,108,914,0
2992,108,200,0
2993,108,956,0
2994,108,678,0
2995,108,188,0
2996,108,69,0
2997,108,505,0
2998,108,270,0
2999,108,99,0
3000,116,1405,0
3001,116,1155,0
3002,116,129,0
3003,116,623,0
3004,122,669,0
3005,122,414,0
3006,130,466,0
3007,130,62,0
3008,130,693,0
3009,130,1343,0
3010,130,425,0
3011,130,1040,0
3012,130,22,0
3013,130,870,0
3014,130,960,0
3015,130,75,0
3016,130,999,0
3017,130,736,0
3018,130,230,0
3019,130,536,0
3020,130,371,0
3021,130,916,0
3022,130,579,0
3023,130,574,0
3024,130,979,0
3025,130,634,0
3026,135,218,0
3027,135,341,0
3028,135,263,0
3029,135,52,0
3030,135,1152,0
3031,135,1377,0
3032,135,746,0
3033,135,439,0
3034,135,1058,0
3035,135,911,0
3036,135,530,0
3037,135,221,0
3038,141,178,0
3039,141,512,0
3040,141,1005,0
3041,141,56,0
3042,141,596,0
3043,141,68,0
3044,143,337,0
3045,143,775,0
3046,145,223,0
3047,145,435,0
3048,145,380,0
3049,145,420,0
3050,149,809,0
3051,149,409,0
3052,152,1222,0
3053,152,260,0
3054,152,647,0
3055,152,1095,0
3056,152,1047,0
3057,152,794,0
3058,152,448,0
3059,152,351,0
3060,156,724,0
3061,156,715,0
3062,156,510,0
3063,156,239,0
3064,156,609,0
3065,156,75,0
3066,156,652,0
3067,156,519,0
3068,156,839,0
3069,156,76,0
3070,160,1368,0
3071,160,1141,0
3072,160,473,0
3073,167,267,0
3074,167,313,0
3075,167,383,0
3076,167,1077,0
3077,167,299,0
3078,167,952,0
3079,167,485,0
3080,167,1246,0
3081,167,625,0
3082,167,728,0
3083,167,683,0
3084,176,1122,0
3085,178,941,0
3086,178,438,0
3087,178,251,0
3088,178,208,0
3089,178,28,0
3090,178,418,0
3091,178,861,0
3092,178,105,0
3093,178,776,0
3094,178,634,0
3095,178,218,0
3096,178,576,0
3097,178,629,0
3098,178,968,0
3099,178,1291,0
3100,178,991,0
3101,178,599,0
3102,178,1194,0
3103,178,462,0
3104,178,1121,0
3105,178,1347,0
3106,178,1272,0
3107,178,525,0
3108,178,608,0
3109,183,957,0
3110,183,596,0
3111,183,1028,0
3112,183,5,0
3113,183,906,0
3114,183,1268,0
3115,183,1077,0
3116,183,1134,0
3117,188,835,0
3118,188,1290,0
3119,188,359,0
3120,188,757,0
3121,188,465,0
3122,188,938,0
3123,188,1401,0
3124,188,1170,0
3125,188,659,0
3126,188,147,0
3127,188,431,0
3128,188,190,0
3129,188,1077,0
3130,188,337,0
3131,188,886,0
3132,188,28,0
3133,188,458,0
3134,188,426,0
3135,188,71,0
3136,188,1174,0
3137,188,306,0
3138,188,1255,0
3139,188,1145,0
3140,188,992,0
3141,188,1052,0
3142,188,344,0
3143,188,1019,0
3144,188,1182,0
3145,188,885,0
3146,188,221,0
3147,188,41,0
3148,193,919,0
3149,193,921,0
3150,193,1405,0
3151,193,673,0
3152,195,945,0
3153,195,145,0
3154,195,189,0
3155,195,1108,0
3156,195,858,0
3157,195,1258,0
3158,195,358,0
3159,195,708,0
3160,195,583,0
3161,195,703,0
3162,195,878,0
3163,195,69,0
3164,197,858,0
3165,197,982,0
3166,197,931,0
3167,197,762,0
3168,197,268,0
3169,197,29,0
3170,197,1128,0
3171,197,1099,0
3172,197,157,0
3173,197,1047,0
3174,197,406,0
3175,197,1274,0
3176,197,865,0
3177,197,508,0
3178,197,550,0
3179,197,437,0
3180,197,994,0
3181,197,1062,0
3182,197,935,0
3183,197,116,0
3184,197,302,0
3185,197,585,0
3186,197,183,0
3187,202,1100,0
3188,202,69,0
3189,202,1041,0
3190,202,759,0
3191,202,304,0
3192,202,222,0
3193,202,314,0
3194,202,567,0
3195,202,298,0
3196,202,234,0
3197,202,769,0
3198,202,59,0
3199,209,177,0
3200,209,425,0
3201,209,1027,0
3202,209,690,0
3203,209,334,0
3204,211,703,0
3205,211,1216,0
3206,216,530,0
3207,216,672,0
3208,216,1318,0
3209,217,1141,0
3210,217,449,0
3211,217,999,0
3212,217,1239,0
3213,217,828,0
3214,217,748,0
3215,217,651,0
3216,217,1352,0
3217,217,1162,0
3218,217,310,0
3219,217,415,0
3220,217,452,0
3221,221,983,0
3222,221,606,0
3223,221,918,0
3224,221,334,0
3225,221,1154,0
3226,221,1170,0
3227,221,427,0
3228,226,1038,0
3229,226,1096,0
3230,226,565,0
3231,226,91,0
3232,228,1305,0
3233,228,660,0
3234,228,1392,0
3235,228,68,0
3236,228,570,0
3237,243,778,0
3238,243,1032,0
3239,243,945,0
3240,243,941,0
3241,243,4,0
3242,243,221,0
3243,243,264,0
3244,243,972,0
3245,253,868,0
3246,253,789,0
3247,253,139,0
3248,253,735,0
3249,253,799,0
3250,253,823,0
3251,253,1305,0
3252,261,890,0
3253,261,33,0
3254,261,833,0
3255,261,487,0
3256,261,881,0
3257,261,933,0
3258,261,422,0
3259,261,34,0
3260,261,825,0
3261,261,941,0
3262,261,616,0
3263,261,903,0
3264,277,1278,0
3265,277,265,0
3266,277,784,0
3267,277,886,0
3268,277,208,0
3269,277,1314,0
3270,277,792,0
3271,277,358,0
3272,277,633,0
3273,277,642,0
3274,277,181,0
3275,277,199,0
3276,277,652,0
3277,277,518,0
3278,277,661,0
3279,277,1346,0
3280,277,780,0
3281,277,856,0
3282,277,1117,0
3283,277,71,0
3284,284,804,0
3285,284,741,0
3286,284,653,0
3287,284,1315,0
3288,284,600,0
3289,284,320,0
3290,284,928,0
3291,284,99,0
3292,284,408,0
3293,284,933,0
3294,284,718,0
3295,284,988,0
3296,284,336,0
3297,284,608,0
3298,284,705,0
3299,284,844,0
3300,284,783,0
3301,284,444,0
3302,284,482,0
3303,286,253,0
3304,287,1082,0
3305,287,1200,0
3306,287,1398,0
3307,292,1360,0
3308,292,1392,0
3309,292,1391,0
3310,292,169,0
3311,292,1206,0
3312,292,729,0
3313,292,1293,0
3314,292,935,0
3315,292,183,0
3316,292,953,0
3317,292,575,0
3318,292,774,0
3319,292,1385,0
3320,292,712,0
3321,292,338,0
3322,292,962,0
3323,292,1320,0
3324,292,431,0
3325,292,765,0
3326,292,799,0
3327,292,1319,0
3328,292,383,0
3329,292,303,0
3330,292,1405,0
3331,292,837,0
3332,292,1125,0
3333,294,1183,0
3334,294,951,0
3335,294,803,0
3336,294,1061,0
3337,294,424,0
3338,294,704,0
3339,294,1052,0
3340,294,1246,0
3341,294,283,0
3342,294,1091,0
3343,294,589,0
3344,294,700,0
3345,294,198,0
3346,294,673,0
3347,294,293,0
3348,294,69,0
3349,294,1137,0
3350,297,1067,0
3351,297,1012,0
3352,297,455,0
3353,297,15,0
3354,297,1027,0
3355,297,121,0
3356,297,1229,0
3357,297,1236,0
3358,305,978,0
3359,305,309,0
3360,305,1079,0
3361,305,763,0
3362,305,993,0
3363,305,311,0
3364,305,1255,0
3365,305,1217,0
3366,305,1151,0
3367,305,1052,0
3368,305,1306,0
3369,305,205,0
3370,305,1199,0
3371,313,746,0
3372,313,1067,0
3373,313,237,0
3374,313,643,0
3375,313,225,0
3376,313,460,0
3377,313,679,0
3378,313,362,0
3379,314,691,0
3380,314,613,0
3381,317,1063,0
3382,317,987,0
3383,317,967,0
3384,317,998,0
3385,317,655,0
3386,317,227,0
3387,317,725,0
3388,317,588,0
3389,317,106,0
3390,317,755,0
3391,317,893,0
3392,317,1241,0
3393,317,961,0
3394,317,398,0
3395,317,1280,0
3396,317,661,0
3397,317,573,0
3398,317,1349,0
3399,317,143,0
3400,317,150,0
3401,317,589,0
3402,317,428,0
3403,317,1045,0
3404,317,427,0
3405,317,407,0
3406,317,1007,0
3407,317,87,0
3408,317,658,0
3409,317,1207,0
3410,317,775,0
3411,317,209,0
3412,317,91,0
3413,318,952,0
3414,318,866,0
3415,318,267,0
3416,318,984,0
3417,318,215,0
3418,318,865,0
3419,318,816,0
3420,318,4,0
3421,318,1233,0
3422,318,1377,0
3423,328,661,0
3424,328,612,0
3425,328,784,0
3426,328,42,0
3427,328,918,0
3428,328,582,0
3429,328,823,0
3430,328,1046,0
3431,328,749,0
3432,328,1374,0
3433,332,988,0
3434,332,708,0
3435,332,576,0
3436,332,696,0
3437,332,983,0
3438,332,275,0
3439,332,47,0
3440,333,859,0
3441,333,1008,0
3442,334,43,0
3443,334,9,0
3444,340,374,0
3445,340,1020,0
3446,340,806,0
3447,340,295,0
3448,340,408,0
3449,340,377,0
3450,340,216,0
3451,340,869,0
3452,340,1265,0
3453,340,191,0
3454,340,134,0
3455,340,65,0
3456,340,509,0
3457,342,633,0
3458,342,518,0
3459,342,938,0
3460,342,913,0
3461,342,1184,0
3462,342,949,0
3463,342,1388,0
3464,342,599,0
3465,342,1202,0
3466,342,737,0
3467,342,906,0
3468,342,1342,0
3469,342,820,0
3470,342,243,0
3471,342,141,0
3472,342,626,0
3473,342,113,0
3474,342,382,0
3475,342,990,0
3476,342,1276,0
3477,342,291,0
3478,342,523,0
3479,342,1123,0
3480,342,826,0
3481,342,447,0
3482,342,686,0
3483,342,1286,0
3484,345,1257,0
3485,345,507,0
3486,345,579,0
3487,345,700,0
3488,346,1231,0
3489,346,259,0
3490,346,18,0
3491,346,314,0
3492,346,330,0
3493,346,1271,0
3494,346,170,0
3495,346,270,0
3496,346,276,0
3497,346,19,0
3498,346,1318,0
3499,346,79,0
3500,346,684,0
3501,346,556,0
3502,346,660,0
3503,346,7,0
3504,346,133,0
3505,346,1389,0
3506,346,1382,0
3507,346,1277,0
3508,347,529,0
3509,347,167,0
3510,347,319,0
3511,347,201,0
3512,347,1085,0
3513,347,754,0
3514,347,722,0
3515,347,315,0
3516,347,45,0
3517,347,126,0
3518,356,130,0
3519,356,988,0
3520,360,1363,0
3521,360,1023,0
3522,360,35,0
3523,360,857,0
3524,360,696,0
3525,360,723,0
3526,360,812,0
3527,360,474,0
3528,360,470,0
3529,360,94,0
3530,360,350,0
3531,360,198,0
3532,360,518,0
3533,361,1233,0
3534,361,462,0
3535,361,630,0
3536,361,915,0
3537,361,444,0
3538,361,1256,0
3539,361,1395,0
3540,361,751,0
3541,361,1327,0
3542,365,841,0
3543,365,1344,0
3544,365,368,0
3545,365,546,0
3546,365,128,0
3547,365,504,0
3548,365,568,0
3549,365,1240,0
3550,365,1152,0
3551,365,818,0
3552,365,748,0
3553,365,296,0
3554,365,925,0
3555,365,1263,0
3556,365,1379,0
3557,365,1045,0
3558,367,817,0
3559,367,1152,0
3560,367,0,0
3561,367,84,0
3562,367,603,0
3563,367,751,0
3564,367,516,0
3565,367,1310,0
3566,367,511,0
3567,367,802,0
3568,367,1404,0
3569,367,895,0
3570,367,1105,0
3571,367,1362,0
3572,367,212,0
3573,367,569,0
3574,367,1164,0
3575,367,647,0
3576,367,1019,0
3577,367,1383,0
3578,367,232,0
3579,367,857,0
3580,367,306,0
3581,367,1226,0
3582,367,548,0
3583,367,1358,0
3584,367,1045,0
3585,372,947,0
3586,372,1338,0
3587,372,471,0
3588,372,1375,0
3589,381,258,0
3590,381,1014,0
3591,381,718,0
3592,381,321,0
3593,381,698,0
3594,381,1015,0
3595,381,1273,0
3596,381,1380,0
3597,381,987,0
3598,381,189,0
3599,381,818,0
3600,381,1012,0
3601,381,255,0
3602,381,1202,0
3603,381,1097,0
3604,381,278,0
3605,385,951,0
3606,385,678,0
3607,385,1106,0
3608,385,1102,0
3609,385,1233,0
3610,385,75,0
3611,385,785,0
3612,385,976,0
3613,385,615,0
3614,392,1325,0
3615,392,1266,0
3616,392,296,0
3617,392,16,0
3618,392,619,0
3619,392,610,0
3620,392,359,0
3621,392,182,0
3622,392,1021,0
3623,392,213,0
3624,393,31,0
3625,393,693,0
3626,393,660,0
3627,393,1037,0
3628,397,950,0
3629,397,446,0
3630,397,779,0
3631,397,861,0
3632,403,617,0
3633,403,1269,0
3634,405,845,0
3635,405,557,0
3636,405,209,0
3637,405,138,0
3638,405,186,0
3639,405,278,0
3640,411,353,0
3641,411,713,0
3642,411,1224,0
3643,411,451,0
3644,413,764,0
3645,413,107,0
3646,413,1329,0
3647,413,560,0
3648,413,500,0
3649,420,1238,0
3650,432,739,0
3651,432,648,0
3652,432,571,0
3653,432,29,0
3654,432,453,0
3655,432,472,0
3656,432,5,0
3657,435,450,0
3658,435,790,0
3659,435,1214,0
3660,442,150,0
3661,447,464,0
3662,448,59,0
3663,448,919,0
3664,448,763,0
3665,448,629,0
3666,448,1358,0
3667,448,255,0
3668,448,830,0
3669,454,374,0
3670,454,901,0
3671,454,664,0
3672,454,597,0
3673,454,552,0
3674,454,106,0
3675,454,857,0
3676,454,809,0
3677,454,435,0
3678,454,35,0
3679,454,239,0
3680,454,1305,0
3681,454,54,0
3682,454,515,0
3683,454,173,0
3684,454,983,0
3685,454,1137,0
3686,454,417,0
3687,454,420,0
3688,454,1319,0
3689,454,1156,0
3690,454,227,0
3691,454,540,0
3692,454,1174,0
3693,454,48,0
3694,454,804,0
3695,454,923,0
3696,454,929,0
3697,454,1247,0
3698,454,390,0
3699,454,978,0
3700,454,1325,0
3701,454,958,0
3702,454,61,0
3703,454,1140,0
3704,454,679,0
3705,454,379,0
3706,456,799,0
3707,456,911,0
3708,456,796,0
3709,456,643,0
3710,456,368,0
3711,456,13,0
3712,456,1403,0
3713,456,17,0
3714,456,219,0
3715,456,652,0
3716,457,754,0
3717,457,101,0
3718,457,1164,0
3719,457,1381,0
3720,457,1011,0
3721,457,93,0
3722,458,575,0
3723,458,737,0
3724,459,107,0
3725,460,708,0
3726,460,1333,0
3727,460,1110,0
3728,460,639,0
3729,460,1340,0
3730,460,591,0
3731,460,327,0
3732,460,922,0
3733,460,225,0
3734,460,1285,0
3735,460,763,0
3736,460,985,0
3737,460,843,0
3738,460,632,0
3739,460,296,0
3740,460,40,0
3741,460,1175,0
3742,460,289,0
3743,461,1376,0
3744,462,844,0
3745,462,251,0
3746,462,238,0
3747,462,335,0
3748,462,1363,0
3749,462,1324,0
3750,462,666,0
3751,462,344,0
3752,462,455,0
3753,462,568,0
3754,462,414,0
3755,465,314,0
3756,465,1022,0
3757,465,876,0
3758,465,711,0
3759,465,834,0
3760,465,1400,0
3761,465,1067,0
3762,465,36,0
3763,473,544,0
3764,473,706,0
3765,473,1069,0
3766,475,1086,0
3767,475,925,0
3768,475,800,0
3769,475,393,0
3770,475,353,0
3771,475,134,0
3772,475,792,0
3773,475,157,0
3774,476,1221,0
3775,476,366,0
3776,487,715,0
3777,487,1398,0
3778,487,414,0
3779,487,208,0
3780,487,870,0
3781,487,984,0
3782,487,394,0
3783,487,680,0
3784,487,1234,0
3785,487,1197,0
3786,487,204,0
3787,487,355,0
3788,487,614,0
3789,487,76,0
3790,487,833,0
3791,487,269,0
3792,487,488,0
3793,487,430,0
3794,487,1206,0
3795,487,1133,0
3796,489,289,0
3797,489,1045,0
3798,489,1363,0
3799,489,666,0
3800,489,1400,0
3801,489,420,0
3802,489,312,0
3803,489,1222,0
3804,489,681,0
3805,489,936,0
3806,489,916,0
3807,489,266,0
3808,489,705,0
3809,489,770,0
3810,490,1207,0
3811,490,355,0
3812,490,658,0
3813,490,31,0
3814,490,1141,0
3815,490,665,0
3816,490,217,0
3817,490,776,0
3818,490,792,0
3819,490,1069,0
3820,490,920,0
3821,490,1392,0
3822,490,388,0
3823,490,1082,0
3824,490,1098,0
3825,495,253,0
3826,495,388,0
3827,500,1393,0
3828,500,1075,0
3829,500,233,0
3830,500,1333,0
3831,500,220,0
3832,500,1163,0
3833,500,448,0
3834,500,150,0
3835,503,123,0
3836,503,1130,0
3837,505,709,0
3838,505,1053,0
3839,505,1318,0
3840,505,464,0
3841,505,130,0
3842,507,962,0
3843,507,605,0
3844,507,622,0
3845,507,122,0
3846,507,254,0
3847,511,441,0
3848,511,910,0
3849,511,1037,0
3850,511,105,0
3851,511,588,0
3852,511,18,0
3853,511,113,0
3854,511,329,0
3855,511,957,0
3856,511,1323,0
3857,511,478,0
3858,511,19,0
3859,511,300,0
3860,511,1281,0
3861,511,234,0
3862,511,1318,0
3863,511,1333,0
3864,511,941,0
3865,511,12,0
3866,511,176,0
3867,511,828,0
3868,512,1148,0
3869,512,1064,0
3870,512,434,0
3871,512,386,0
3872,517,439,0
3873,517,424,0
3874,517,1299,0
3875,517,159,0
3876,517,528,0
3877,517,760,0
3878,517,368,0
3879,517,75,0
3880,517,92,0
3881,517,841,0
3882,517,668,0
3883,517,1095,0
3884,517,376,0
3885,519,111,0
3886,519,886,0
3887,519,860,0
3888,519,553,0
3889,525,1398,0
3890,525,1386,0
3891,525,431,0
3892,525,1331,0
3893,528,1297,0
3894,528,1000,0
3895,534,483,0
3896,534,520,0
3897,534,896,0
3898,534,997,0
3899,548,61,0
3900,548,382,0
3901,548,406,0
3902,548,409,0
3903,548,1252,0
3904,548,1266,0
3905,548,1313,0
3906,548,542,0
3907,548,650,0
3908,548,395,0
3909,548,923,0
3910,548,825,0
3911,551,837,0
3912,551,269,0
3913,554,515,0
3914,558,2,0
3915,558,424,0
3916,558,643,0
3917,558,8,0
3918,558,165,0
3919,558,1403,0
3920,558,416,0
3921,558,698,0
3922,558,1068,0
3923,558,76,0
3924,558,631,0
3925,558,318,0
3926,558,1266,0
3927,558,70,0
3928,558,1344,0
3929,558,378,0
3930,558,1184,0
3931,558,669,0
3932,558,804,0
3933,558,293,0
3934,558,938,0
3935,558,755,0
3936,558,918,0
3937,558,65,0
3938,558,51,0
3939,558,974,0
3940,558,270,0
3941,558,152,0
3942,558,197,0
3943,558,198,0
3944,558,957,0
3945,558,668,0
3946,558,1311,0
3947,563,766,0
3948,563,874,0
3949,568,897,0
3950,568,335,0
3951,584,230,0
3952,584,1208,0
3953,584,657,0
3954,584,577,0
3955,584,1230,0
3956,584,119,0
3957,584,1254,0
3958,584,540,0
3959,584,570,0
3960,584,691,0
3961,585,1272,0
3962,586,1242,0
3963,586,1244,0
3964,586,1308,0
3965,586,86,0
3966,586,485,0
3967,586,863,0
3968,586,202,0
3969,586,187,0
3970,586,620,0
3971,586,783,0
3972,586,530,0
3973,586,261,0
3974,586,1271,0
3975,586,543,0
3976,586,430,0
3977,586,316,0
3978,586,645,0
3979,588,503,0
3980,588,415,0
3981,588,303,0
3982,588,314,0
3983,588,317,0
3984,588,1360,0
3985,588,304,0
3986,588,898,0
3987,588,805,0
3988,588,978,0
3989,588,42,0
3990,588,1237,0
3991,588,1402,0
3992,588,1131,0
3993,588,589,0
3994,588,976,0
3995,588,698,0
3996,588,221,0
3997,588,719,0
3998,588,808,0
3999,588,553,0
4000,588,1171,0
4001,588,630,0
4002,588,161,0
4003,588,460,0
4004,600,253,0
4005,600,348,0
4006,600,857,0
4007,600,1034,0
4008,600,1007,0
4009,600,1364,0
4010,600,533,0
4011,600,1304,0
4012,600,375,0
4013,600,421,0
4014,600,90,0
4015,600,867,0
4016,600,515,0
4017,600,1400,0
4018,600,963,0
4019,600,371,0
4020,600,245,0
4021,600,1138,0
4022,600,110,0
4023,600,360,0
4024,600,550,0
4025,600,1010,0
4026,600,494,0
4027,600,1092,0
4028,600,420,0
4029,600,369,0
4030,600,1238,0
4031,600,660,0
4032,603,1268,0
4033,603,315,0
4034,603,740,0
4035,606,625,0
4036,606,105,0
4037,606,1158,0
4038,606,295,0
4039,606,884,0
4040,606,1311,0
4041,606,381,0
4042,606,357,0
4043,606,1305,0
4044,606,706,0
4045,606,744,0
4046,606,143,0
4047,606,709,0
4048,606,1286,0
4049,606,801,0
4050,609,889,0
4051,609,680,0
4052,609,1127,0
4053,609,32,0
4054,609,1315,0
4055,609,556,0
4056,609,81,0
4057,609,484,0
4058,609,428,0
4059,609,199,0
4060,609,359,0
4061,609,645,0
4062,609,936,0
4063,609,1135,0
4064,609,3,0
4065,609,212,0
4066,609,1264,0
4067,609,965,0
4068,609,1009,0
4069,609,84,0
4070,609,1008,0
4071,609,1198,0
4072,609,707,0
4073,609,1091,0
4074,609,86,0
4075,609,1276,0
4076,612,966,0
4077,612,1272,0
4078,612,764,0
4079,612,1141,0
4080,612,147,0
4081,612,1399,0
4082,612,1058,0
4083,612,628,0
4084,612,368,0
4085,612,88,0
4086,612,1247,0
4087,612,478,0
4088,612,1064,0
4089,612,553,0
4090,612,130,0
4091,612,85,0
4092,612,603,0
4093,612,547,0
4094,612,698,0
4095,612,424,0
4096,612,972,0
4097,612,335,0
4098,612,882,0
4099,612,1026,0
4100,612,340,0
4101,612,1066,0
4102,612,120,0
4103,612,382,0
4104,612,1030,0
4105,612,511,0
4106,612,1188,0
4107,612,569,0
4108,612,134,0
4109,612,545,0
4110,612,199,0
4111,612,881,0
4112,612,554,0
4113,612,210,0
4114,612,1164,0
4115,612,1274,0
4116,612,99,0
4117,612,33,0
4118,612,1306,0
4119,612,895,0
4120,612,958,0
4121,612,114,0
4122,612,185,0
4123,612,97,0
4124,612,234,0
4125,612,696,0
4126,612,651,0
4127,612,534,0
4128,612,1351,0
4129,612,951,0
4130,612,401,0
4131,612,1234,0
4132,612,408,0
4133,612,537,0
4134,612,460,0
4135,612,224,0
4136,612,876,0
4137,612,1013,0
4138,612,182,0
4139,612,452,0
4140,612,1404,0
4141,612,299,0
4142,612,256,0
4143,612,606,0
4144,620,140,0
4145,620,32,0
4146,620,340,0
4147,620,275,0
4148,620,964,0
4149,620,61,0
4150,626,1400,0
4151,626,16,0
4152,626,744,0
4153,626,1366,0
4154,629,1131,0
4155,635,1395,0
4156,635,431,0
4157,635,722,0
4158,635,983,0
4159,635,789,0
4160,635,371,0
4161,635,955,0
4162,635,540,0
4163,635,390,0
4164,635,1349,0
4165,635,731,0
4166,635,1327,0
4167,635,1258,0
4168,635,516,0
4169,635,863,0
4170,635,259,0
4171,635,965,0
4172,635,495,0
4173,635,167,0
4174,635,139,0
4175,639,474,0
4176,642,152,0
4177,642,800,0
4178,642,1079,0
4179,642,1230,0
4180,642,737,0
4181,642,777,0
4182,642,1228,0
4183,642,410,0
4184,642,542,0
4185,643,631,0
4186,643,777,0
4187,657,485,0
4188,657,1237,0
4189,657,885,0
4190,657,846,0
4191,657,1238,0
4192,657,995,0
4193,657,744,0
4194,657,312,0
4195,657,324,0
4196,657,164,0
4197,657,262,0
4198,657,450,0
4199,657,751,0
4200,657,1034,0
4201,657,266,0
4202,657,1399,0
4203,659,1233,0
4204,659,884,0
4205,659,212,0
4206,659,800,0
4207,659,1046,0
4208,659,565,0
4209,659,433,0
4210,659,1143,0
4211,659,245,0
4212,659,745,0
4213,659,3,0
4214,659,776,0
4215,659,346,0
4216,660,1219,0
4217,660,843,0
4218,660,1368,0
4219,660,358,0
4220,660,365,0
4221,660,520,0
4222,660,461,0
4223,662,1361,0
4224,662,259,0
4225,663,283,0
4226,663,738,0
4227,663,1095,0
4228,663,441,0
4229,668,146,0
4230,668,824,0
4231,668,153,0
4232,668,139,0
4233,668,1081,0
4234,668,1296,0
4235,668,614,0
4236,668,752,0
4237,668,1179,0
4238,668,369,0
4239,668,1028,0
4240,668,1113,0
4241,668,930,0
4242,668,968,0
4243,668,22,0
4244,668,1177,0
4245,668,125,0
4246,668,217,0
4247,668,1187,0
4248,670,804,0
4249,670,340,0
4250,670,148,0
4251,670,728,0
4252,670,1133,0
4253,670,476,0
4254,670,284,0
4255,670,627,0
4256,670,1014,0
4257,670,313,0
4258,670,1168,0
4259,670,721,0
4260,670,380,0
4261,670,673,0
4262,670,92,0
4263,670,347,0
4264,671,796,0
4265,671,1153,0
4266,671,807,0
4267,671,1393,0
4268,671,872,0
4269,671,992,0
4270,671,815,0
4271,671,1132,0
4272,673,858,0
4273,673,1284,0
4274,675,242,0
4275,675,627,0
4276,675,1039,0
4277,675,134,0
4278,675,1244,0
4279,675,1088,0
4280,675,1175,0
4281,675,1047,0
4282,675,1265,0
4283,675,1217,0
4284,675,36,0
4285,675,77,0
4286,675,1219,0
4287,675,702,0
4288,675,225,0
4289,675,517,0
4290,675,424,0
4291,675,1126,0
4292,675,630,0
4293,675,808,0
4294,675,788,0
4295,675,615,0
4296,675,404,0
4297,675,1295,0
4298,675,139,0
4299,675,261,0
4300,675,1117,0
4301,675,1339,0
4302,675,1392,0
4303,675,218,0
4304,675,200,0
4305,675,231,0
4306,675,285,0
4307,675,15,0
4308,675,1038,0
4309,675,890,0
4310,675,1231,0
4311,675,1210,0
4312,675,1235,0
4313,675,698,0
4314,675,722,0
4315,675,582,0
4316,680,1357,0
4317,680,1086,0
4318,680,496,0
4319,683,802,0
4320,683,837,0
4321,683,654,0
4322,683,1255,0
4323,683,170,0
4324,686,1305,0
4325,686,699,0
4326,687,867,0
4327,687,348,0
4328,687,1393,0
4329,687,341,0
4330,690,1020,0
4331,690,867,0
4332,690,1207,0
4333,690,240,0
4334,690,1147,0
4335,690,186,0
4336,690,334,0
4337,690,526,0
4338,691,1305,0
4339,691,296,0
4340,691,20,0
4341,691,1105,0
4342,691,731,0
4343,691,102,0
4344,691,476,0
4345,691,1356,0
4346,691,1349,0
4347,691,73,0
4348,691,741,0
4349,691,1266,0
4350,693,1223,0
4351,693,924,0
4352,693,648,0
4353,693,697,0
4354,693,1270,0
4355,693,1213,0
4356,693,1192,0
4357,693,163,0
4358,693,1193,0
4359,694,991,0
4360,694,421,0
4361,694,646,0
4362,694,1169,0
4363,694,423,0
4364,694,213,0
4365,694,1087,0
4366,694,715,0
4367,694,158,0
4368,698,1,0
4369,698,149,0
4370,704,1251,0
4371,704,176,0
4372,704,243,0
4373,704,1152,0
4374,707,57,0
4375,707,1139,0
4376,707,280,0
4377,707,600,0
4378,707,863,0
4379,707,691,0
4380,707,354,0
4381,707,286,0
4382,710,911,0
4383,710,1132,0
4384,716,15,0
4385,716,714,0
4386,716,895,0
4387,716,62,0
4388,726,871,0
4389,726,683,0
4390,726,1233,0
4391,726,586,0
4392,726,1287,0
4393,726,1057,0
4394,726,201,0
4395,726,875,0
4396,726,1007,0
4397,726,840,0
4398,726,1149,0
4399,726,674,0
4400,726,1197,0
4401,726,873,0
4402,726,362,0
4403,732,23,0
4404,732,1208,0
4405,736,775,0
4406,736,231,0
4407,736,734,0
4408,736,571,0
4409,736,201,0
4410,740,321,0
4411,740,1021,0
4412,740,861,0
4413,740,556,0
4414,740,852,0
4415,740,212,0
4416,740,496,0
4417,740,1096,0
4418,740,851,0
4419,740,395,0
4420,740,1107,0
4421,740,891,0
4422,740,1354,0
4423,740,1252,0
4424,740,785,0
4425,740,1292,0
4426,740,1322,0
4427,740,963,0
4428,740,1078,0
4429,740,1264,0
4430,740,1023,0
4431,740,831,0
4432,745,404,0
4433,745,807,0
4434,745,52,0
4435,745,609,0
4436,745,95,0
4437,745,836,0
4438,745,697,0
4439,745,456,0
4440,745,906,0
4441,745,243,0
4442,745,263,0
4443,745,975,0
4444,745,835,0
4445,745,1113,0
4446,745,6,0
4447,745,119,0
4448,745,1039,0
4449,745,169,0
4450,745,528,0
4451,745,59,0
4452,745,529,0
4453,745,1261,0
4454,745,876,0
4455,745,269,0
4456,745,1069,0
4457,745,346,0
4458,745,215,0
4459,745,1043,0
4460,745,306,0
4461,745,122,0
4462,747,619,0
4463,747,1074,0
4464,747,956,0
4465,747,267,0
4466,754,828,0
4467,754,37,0
4468,759,1328,0
4469,759,790,0
4470,759,95,0
4471,759,740,0
4472,765,412,0
4473,765,840,0
4474,765,1133,0
4475,765,1014,0
4476,765,983,0
4477,765,1262,0
4478,765,1294,0
4479,765,440,0
4480,765,1242,0
4481,765,896,0
4482,765,323,0
4483,765,485,0
4484,765,940,0
4485,768,1331,0
4486,769,863,0
4487,769,794,0
4488,769,327,0
4489,769,1292,0
4490,769,912,0
4491,769,1192,0
4492,769,692,0
4493,769,185,0
4494,769,308,0
4495,769,854,0
4496,771,65,0
4497,771,167,0
4498,771,1190,0
4499,771,964,0
4500,771,1197,0
4501,776,1372,0
4502,776,52,0
4503,776,952,0
4504,776,423,0
4505,784,948,0
4506,784,1112,0
4507,784,510,0
4508,784,426,0
4509,784,403,0
4510,784,452,0
4511,784,1315,0
4512,784,386,0
4513,784,487,0
4514,784,820,0
4515,784,1252,0
4516,784,1095,0
4517,784,591,0
4518,784,932,0
4519,784,35,0
4520,786,735,0
4521,786,14,0
4522,786,628,0
4523,786,392,0
4524,786,1247,0
4525,786,63,0
4526,786,821,0
4527,807,517,0
4528,807,658,0
4529,807,113,0
4530,807,1326,0
4531,807,1269,0
4532,807,686,0
4533,807,731,0
4534,807,243,0
4535,807,1406,0
4536,816,1255,0
4537,816,1029,0
4538,816,934,0
4539,816,1405,0
4540,823,1019,0
4541,823,241,0
4542,823,1162,0
4543,823,1041,0
4544,823,284,0
4545,823,244,0
4546,823,754,0
4547,826,769,0
4548,826,1190,0
4549,826,1072,0
4550,826,844,0
4551,826,1206,0
4552,826,560,0
4553,826,852,0
4554,826,939,0
4555,826,579,0
4556,826,318,0
4557,826,585,0
4558,826,317,0
4559,826,528,0
4560,826,1066,0
4561,826,1007,0
4562,826,273,0
4563,826,1226,0
4564,826,966,0
4565,826,613,0
4566,826,203,0
4567,826,516,0
4568,834,673,0
4569,834,23,0
4570,834,171,0
4571,834,162,0
4572,834,1115,0
4573,834,233,0
4574,834,1313,0
4575,834,325,0
4576,835,634,0
4577,835,1215,0
4578,835,77,0
4579,835,563,0
4580,835,1386,0
4581,835,1246,0
4582,835,301,0
4583,847,1214,0
4584,847,1232,0
4585,848,1279,0
4586,848,764,0
4587,848,397,0
4588,848,1203,0
4589,848,1047,0
4590,848,621,0
4591,848,1321,0
4592,848,461,0
4593,848,803,0
4594,848,171,0
4595,848,704,0
4596,848,737,0
4597,848,315,0
4598,848,1026,0
4599,848,235,0
4600,848,1175,0
4601,849,948,0
4602,849,264,0
4603,849,1073,0
4604,853,751,0
4605,853,9,0
4606,853,417,0
4607,853,58,0
4608,853,230,0
4609,853,983,0
4610,853,949,0
4611,853,1298,0
4612,853,956,0
4613,853,1265,0
4614,853,168,0
4615,853,544,0
4616,853,529,0
4617,853,1276,0
4618,853,846,0
4619,853,1198,0
4620,853,938,0
4621,853,685,0
4622,853,1092,0
4623,853,550,0
4624,853,1073,0
4625,853,568,0
4626,853,316,0
4627,860,1328,0
4628,860,1348,0
4629,860,854,0
4630,860,3,0
4631,861,1148,0
4632,861,346,0
4633,868,920,0
4634,868,66,0
4635,868,1236,0
4636,868,487,0
4637,868,170,0
4638,868,1208,0
4639,868,5,0
4640,868,186,0
4641,873,116,0
4642,874,1247,0
4643,874,970,0
4644,874,819,0
4645,874,450,0
4646,874,530,0
4647,874,155,0
4648,874,665,0
4649,874,272,0
4650,874,1297,0
4651,874,1200,0
4652,874,674,0
4653,874,124,0
4654,874,426,0
4655,874,1047,0
4656,874,40,0
4657,874,812,0
4658,874,1361,0
4659,874,581,0
4660,874,922,0
4661,874,587,0
4662,874,420,0
4663,874,978,0
4664,874,380,0
4665,874,291,0
4666,874,411,0
4667,874,722,0
4668,874,199,0
4669,874,2,0
4670,874,1138,0
4671,874,604,0
4672,874,1381,0
4673,874,1056,0
4674,874,641,0
4675,874,659,0
4676,874,925,0
4677,874,601,0
4678,877,132,0
4679,877,785,0
4680,877,372,0
4681,878,892,0
4682,878,324,0
4683,878,248,0
4684,878,26,0
4685,878,83,0
4686,878,1043,0
4687,878,870,0
4688,879,1299,0
4689,879,537,0
4690,879,372,0
4691,879,611,0
4692,879,1377,0
4693,879,16,0
4694,879,912,0
4695,879,847,0
4696,879,505,0
4697,879,386,0
4698,879,1152,0
4699,879,165,0
4700,879,839,0
4701,879,260,0
4702,879,641,0
4703,879,408,0
4704,879,1210,0
4705,879,593,0
4706,879,737,0
4707,879,178,0
4708,879,360,0
4709,879,1037,0
4710,879,1182,0
4711,879,1244,0
4712,879,199,0
4713,879,613,0
4714,881,1197,0
4715,881,1376,0
4716,882,438,0
4717,882,613,0
4718,882,967,0
4719,882,1304,0
4720,882,1031,0
4721,882,292,0
4722,882,851,0
4723,882,1140,0
4724,882,1265,0
4725,882,1111,0
4726,882,313,0
4727,882,1108,0
4728,882,815,0
4729,882,1110,0
4730,882,805,0
4731,882,1095,0
4732,882,383,0
4733,882,1340,0
4734,882,1249,0
4735,882,1070,0
4736,882,780,0
4737,882,691,0
4738,882,1133,0
4739,882,839,0
4740,899,1046,0
4741,903,1382,0
4742,903,460,0
4743,903,1184,0
4744,903,1116,0
4745,903,1072,0
4746,913,968,0
4747,913,1238,0
4748,913,1192,0
4749,913,1024,0
4750,913,1349,0
4751,918,352,0
4752,918,188,0
4753,918,1230,0
4754,918,796,0
4755,923,580,0
4756,931,350,0
4757,931,913,0
4758,931,1365,0
4759,931,1404,0
4760,931,845,0
4761,931,581,0
4762,931,1287,0
4763,931,1400,0
4764,931,1183,0
4765,931,403,0
4766,931,224,0
4767,931,1098,0
4768,931,387,0
4769,931,231,0
4770,931,810,0
4771,931,856,0
4772,931,437,0
4773,931,838,0
4774,931,636,0
4775,931,181,0
4776,931,516,0
4777,931,843,0
4778,932,766,0
4779,932,714,0
4780,932,1206,0
4781,932,77,0
4782,932,304,0
4783,932,1186,0
4784,932,408,0
4785,932,725,0
4786,932,640,0
4787,932,1165,0
4788,933,1050,0
4789,933,1044,0
4790,933,1361,0
4791,946,603,0
4792,946,1182,0
4793,946,386,0
4794,946,402,0
4795,946,274,0
4796,946,967,0
4797,946,1026,0
4798,946,133,0
4799,946,689,0
4800,946,496,0
4801,946,100,0
4802,946,185,0
4803,947,964,0
4804,947,399,0
4805,947,466,0
4806,947,863,0
4807,947,1332,0
4808,947,1289,0
4809,947,600,0
4810,947,232,0
4811,947,16,0
4812,947,572,0
4813,947,175,0
4814,947,856,0
4815,947,135,0
4816,947,155,0
4817,947,349,0
4818,947,212,0
4819,947,965,0
4820,947,1169,0
4821,947,767,0
4822,947,445,0
4823,947,417,0
4824,962,1319,0
4825,962,410,0
4826,962,577,0
4827,962,1160,0
4828,962,605,0
4829,962,711,0
4830,962,386,0
4831,962,315,0
4832,963,1270,0
4833,963,905,0
4834,968,88,0
4835,968,767,0
4836,968,423,0
4837,968,297,0
4838,973,1131,0
4839,981,866,0
4840,981,1076,0
4841,982,565,0
4842,982,1196,0
4843,982,776,0
4844,982,905,0
4845,982,1165,0
4846,982,267,0
4847,982,1377,0
4848,982,496,0
4849,983,548,0
4850,983,407,0
4851,983,862,0
4852,987,730,0
4853,987,558,0
4854,988,810,0
4855,988,622,0
4856,988,859,0
4857,988,277,0
4858,988,531,0
4859,988,0,0
4860,988,1224,0
4861,989,1276,0
4862,989,1287,0
4863,991,1299,0
4864,991,643,0
4865,991,947,0
4866,991,594,0
4867,995,1168,0
4868,995,414,0
4869,995,182,0
4870,995,631,0
4871,995,394,0
4872,1004,1227,0
4873,1004,1031,0
4874,1004,333,0
4875,1004,594,0
4876,1004,459,0
4877,1004,184,0
4878,1004,1264,0
4879,1004,820,0
4880,1016,780,0
4881,1016,94,0
4882,1016,1250,0
4883,1016,1215,0
4884,1027,273,0
4885,1027,671,0
4886,1027,721,0
4887,1027,888,0
4888,1027,896,0
4889,1027,944,0
4890,1027,913,0
4891,1027,63,0
4892,1027,1059,0
4893,1027,1143,0
4894,1027,1281,0
4895,1027,436,0
4896,1027,181,0
4897,1027,456,0
4898,1027,404,0
4899,1027,21,0
4900,1027,1157,0
4901,1027,393,0
4902,1027,965,0
4903,1027,1362,0
4904,1027,637,0
4905,1027,444,0
4906,1027,570,0
4907,1027,935,0
4908,1027,571,0
4909,1027,17,0
4910,1027,1154,0
4911,1027,232,0
4912,1027,327,0
4913,1027,484,0
4914,1027,686,0
4915,1027,259,0
4916,1027,957,0
4917,1027,808,0
4918,1027,466,0
4919,1027,1205,0
4920,1027,239,0
4921,1027,1051,0
4922,1027,961,0
4923,1029,224,0
4924,1029,60,0
4925,1029,730,0
4926,1029,1195,0
4927,1029,890,0
4928,1029,1173,0
4929,1029,763,0
4930,1029,84,0
4931,1029,958,0
4932,1029,1401,0
4933,1032,630,0
4934,1032,1069,0
4935,1032,1004,0
4936,1032,497,0
4937,1033,604,0
4938,1033,1258,0
4939,1033,1111,0
4940,1033,174,0
4941,1033,954,0
4942,1035,273,0
4943,1035,575,0
4944,1035,1242,0
4945,1035,670,0
4946,1035,408,0
4947,1035,1176,0
4948,1035,1325,0
4949,1037,710,0
4950,1037,1265,0
4951,1044,932,0
4952,1044,1079,0
4953,1044,276,0
4954,1044,211,0
4955,1052,1349,0
4956,1052,144,0
4957,1052,722,0
4958,1053,67,0
4959,1053,1341,0
4960,1053,128,0
4961,1053,1031,0
4962,1053,64,0
4963,1053,958,0
4964,1053,197,0
4965,1053,232,0
4966,1053,879,0
4967,1053,1143,0
4968,1053,1072,0
4969,1053,963,0
4970,1053,383,0
4971,1053,941,0
4972,1053,1095,0
4973,1053,855,0
4974,1053,702,0
4975,1053,280,0
4976,1053,969,0
4977,1053,88,0
4978,1053,1243,0
4979,1053,696,0
4980,1053,502,0
4981,1053,509,0
4982,1065,698,0
4983,1067,242,0
4984,1067,518,0
4985,1067,42,0
4986,1067,238,0
4987,1072,1340,0
4988,1072,1247,0
4989,1072,1287,0
4990,1073,306,0
4991,1074,38,0
4992,1074,1335,0
4993,1074,916,0
4994,1074,1113,0
4995,1081,396,0
4996,1089,815,0
4997,1097,1237,0
4998,1097,913,0
4999,1097,544,0
5000,1097,813,0
5001,1097,1261,0
5002,1097,579,0
5003,1097,357,0
5004,1097,1259,0
5005,1097,1153,0
5006,1097,656,0
5007,1097,312,0
5008,1097,1111,0
5009,1102,991,0
5010,1102,529,0
5011,1102,589,0
5012,1106,555,0
5013,1106,813,0
5014,1119,438,0
5015,1119,212,0
5016,1119,769,0
5017,1119,240,0
5018,1119,918,0
5019,1119,374,0
5020,1119,382,0
5021,1119,298,0
5022,1119,822,0
5023,1119,993,0
5024,1119,1401,0
5025,1119,1322,0
5026,1119,852,0
5027,1125,849,0
5028,1125,1286,0
5029,1125,115,0
5030,1125,215,0
5031,1125,567,0
5032,1125,555,0
5033,1125,788,0
5034,1125,1346,0
5035,1125,685,0
5036,1125,480,0
5037,1134,8,0
5038,1134,181,0
5039,1138,1157,0
5040,1138,1077,0
5041,1138,1153,0
5042,1138,903,0
5043,1139,166,0
5044,1139,787,0
5045,1139,761,0
5046,1139,160,0
5047,1139,834,0
5048,1139,1007,0
5049,1139,98,0
5050,1139,1313,0
5051,1140,545,0
5052,1140,1075,0
5053,1140,790,0
5054,1140,37,0
5055,1140,943,0
5056,1140,542,0
5057,1140,917,0
5058,1140,403,0
5059,1140,1385,0
5060,1140,540,0
5061,1140,68,0
5062,1146,901,0
5063,1149,524,0
5064,1149,534,0
5065,1149,830,0
5066,1149,702,0
5067,1149,283,0
5068,1149,647,0
5069,1149,559,0
5070,1149,983,0
5071,1149,841,0
5072,1149,814,0
5073,1149,1223,0
5074,1149,955,0
5075,1155,654,0
5076,1155,1196,0
5077,1155,1409,0
5078,1155,964,0
5079,1155,359,0
5080,1155,542,0
5081,1155,601,0
5082,1155,520,0
5083,1155,498,0
5084,1155,1059,0
5085,1155,290,0
5086,1155,793,0
5087,1155,1390,0
5088,1155,368,0
5089,1155,188,0
5090,1155,1219,0
5091,1155,574,0
5092,1155,879,0
5093,1155,1332,0
5094,1155,739,0
5095,1176,571,0
5096,1176,1024,0
5097,1178,915,0
5098,1178,546,0
5099,1178,1331,0
5100,1182,636,0
5101,1182,37,0
5102,1182,1227,0
5103,1182,659,0
5104,1182,779,0
5105,1182,827,0
5106,1182,1200,0
5107,1187,1110,0
5108,1187,34,0
5109,1189,241,0
5110,1189,978,0
5111,1189,568,0
5112,1189,61,0
5113,1189,652,0
5114,1189,1126,0
5115,1189,485,0
5116,1189,706,0
5117,1189,717,0
5118,1189,186,0
5119,1189,821,0
5120,1189,997,0
5121,1189,737,0
5122,1189,190,0
5123,1189,1029,0
5124,1189,1065,0
5125,1189,897,0
5126,1189,912,0
5127,1189,861,0
5128,1189,728,0
5129,1189,27,0
5130,1189,958,0
5131,1189,283,0
5132,1189,894,0
5133,1189,925,0
5134,1189,1091,0
5135,1189,599,0
5136,1189,464,0
5137,1189,614,0
5138,1189,228,0
5139,1189,164,0
5140,1189,1351,0
5141,1189,213,0
5142,1189,42,0
5143,1189,1115,0
5144,1189,734,0
5145,1194,965,0
5146,1194,903,0
5147,1194,543,0
5148,1194,36,0
5149,1202,79,0
5150,1202,643,0
5151,1202,684,0
5152,1202,1340,0
5153,1202,458,0
5154,1202,545,0
5155,1202,555,0
5156,1202,572,0
5157,1202,207,0
5158,1202,73,0
5159,1202,1121,0
5160,1202,141,0
5161,1202,925,0
5162,1202,309,0
5163,1202,1100,0
5164,1215,518,0
5165,1215,977,0
5166,1215,808,0
5167,1215,110,0
5168,1215,989,0
5169,1215,813,0
5170,1215,1347,0
5171,1215,1078,0
5172,1215,744,0
5173,1215,550,0
5174,1215,1035,0
5175,1215,1169,0
5176,1215,180,0
5177,1215,926,0
5178,1215,623,0
5179,1215,649,0
5180,1215,358,0
5181,1215,334,0
5182,1216,861,0
5183,1216,640,0
5184,1216,543,0
5185,1216,766,0
5186,1216,268,0
5187,1220,126,0
5188,1222,467,0
5189,1222,819,0
5190,1222,1175,0
5191,1222,208,0
5192,1222,1185,0
5193,1222,1220,0
5194,1222,664,0
5195,1222,280,0
5196,1227,1332,0
5197,1227,882,0
5198,1227,712,0
5199,1227,1282,0
5200,1227,596,0
5201,1227,682,0
5202,1227,1050,0
5203,1227,789,0
5204,1227,614,0
5205,1227,1002,0
5206,1231,909,0
5207,1231,146,0
5208,1231,1081,0
5209,1231,355,0
5210,1231,305,0
5211,1231,738,0
5212,1238,452,0
5213,1238,954,0
5214,1238,289,0
5215,1238,192,0
5216,1238,837,0
5217,1238,1042,0
5218,1238,105,0
5219,1238,1061,0
5220,1241,662,0
5221,1241,1138,0
5222,1243,770,0
5223,1243,1126,0
5224,1243,1219,0
5225,1243,676,0
5226,1243,970,0
5227,1243,1322,0
5228,1243,1273,0
5229,1243,642,0
5230,1243,1398,0
5231,1243,44,0
5232,1243,579,0
5233,1243,939,0
5234,1243,1293,0
5235,1243,247,0
5236,1243,1105,0
5237,1243,726,0
5238,1243,1025,0
5239,1243,734,0
5240,1243,369,0
5241,1243,1179,0
5242,1243,972,0
5243,1243,1257,0
5244,1243,1360,0
5245,1243,353,0
5246,1243,1120,0
5247,1243,1201,0
5248,1243,201,0
5249,1243,494,0
5250,1243,395,0
5251,1243,619,0
5252,1243,707,0
5253,1243,583,0
5254,1245,957,0
5255,1245,132,0
5256,1245,1165,0
5257,1245,1144,0
5258,1245,1069,0
5259,1245,903,0
5260,1245,902,0
5261,1245,376,0
5262,1245,1064,0
5263,1245,701,0
5264,1245,420,0
5265,1245,1001,0
5266,1245,439,0
5267,1245,1260,0
5268,1245,1344,0
5269,1245,1053,0
5270,1245,455,0
5271,1245,1223,0
5272,1245,220,0
5273,1245,1049,0
5274,1245,1210,0
5275,1245,904,0
5276,1245,74,0
5277,1245,473,0
5278,1245,719,0
5279,1245,655,0
5280,1245,80,0
5281,1245,453,0
5282,1245,280,0
5283,1245,897,0
5284,1245,961,0
5285,1245,450,0
5286,1245,939,0
5287,1245,233,0
5288,1245,369,0
5289,1245,618,0
5290,1245,278,0
5291,1245,58,0
5292,1245,753,0
5293,1245,9,0
5294,1245,1220,0
5295,1245,738,0
5296,1245,86,0
5297,1245,1337,0
5298,1249,757,0
5299,1249,1210,0
5300,1249,729,0
5301,1249,278,0
5302,1249,628,0
5303,1249,175,0
5304,1249,809,0
5305,1249,818,0
5306,1249,1362,0
5307,1249,674,0
5308,1250,260,0
5309,1250,862,0
5310,1250,780,0
5311,1250,756,0
5312,1250,1024,0
5313,1250,214,0
5314,1250,1169,0
5315,1250,553,0
5316,1254,771,0
5317,1254,665,0
5318,1254,977,0
5319,1254,779,0
5320,1254,1047,0
5321,1254,681,0
5322,1258,1202,0
5323,1258,1116,0
5324,1258,517,0
5325,1258,440,0
5326,1258,239,0
5327,1258,1361,0
5328,1258,315,0
5329,1258,1300,0
5330,1258,870,0
5331,1258,765,0
5332,1258,569,0
5333,1258,320,0
5334,1258,129,0
5335,1261,571,0
5336,1261,439,0
5337,1261,485,0
5338,1261,820,0
5339,1274,1063,0
5340,1274,84,0
5341,1274,1378,0
5342,1274,805,0
5343,1274,54,0
5344,1274,1321,0
5345,1274,1001,0
5346,1274,920,0
5347,1275,475,0
5348,1275,764,0
5349,1287,477,0
5350,1287,1363,0
5351,1287,98,0
5352,1287,432,0
5353,1287,1241,0
5354,1287,1327,0
5355,1287,136,0
5356,1287,12,0
5357,1287,617,0
5358,1288,425,0
5359,1288,78,0
5360,1288,466,0
5361,1288,955,0
5362,1288,753,0
5363,1288,628,0
5364,1288,70,0
5365,1288,1184,0
5366,1295,960,0
5367,1302,233,0
5368,1302,278,0
5369,1302,1219,0
5370,1302,996,0
5371,1302,101,0
5372,1302,1313,0
5373,1302,525,0
5374,1302,1168,0
5375,1302,1400,0
5376,1302,1249,0
5377,1302,597,0
5378,1303,1386,0
5379,1303,202,0
5380,1303,1046,0
5381,1303,1150,0
5382,1303,865,0
5383,1303,917,0
5384,1312,301,0
5385,1312,1006,0
5386,1312,1181,0
5387,1312,169,0
5388,1312,602,0
5389,1313,935,0
5390,1313,1274,0
5391,1319,914,0
5392,1319,1078,0
5393,1319,1230,0
5394,1319,700,0
5395,1319,1046,0
5396,1319,817,0
5397,1319,393,0
5398,1319,34,0
5399,1319,1016,0
5400,1319,677,0
5401,1319,80,0
5402,1322,279,0
5403,1322,1271,0
5404,1322,1405,0
5405,1322,940,0
5406,1332,347,0
5407,1332,698,0
5408,1332,589,0
5409,1332,354,0
5410,1333,25,0
5411,1333,1319,0
5412,1342,686,0
5413,1342,1208,0
5414,1342,55,0
5415,1342,192,0
5416,1342,597,0
5417,1342,328,0
5418,1342,160,0
5419,1344,296,0
5420,1344,594,0
5421,1344,647,0
5422,1344,702,0
5423,1344,538,0
5424,1344,926,0
5425,1344,1174,0
5426,1344,853,0
5427,1344,1372,0
5428,1344,1092,0
5429,1344,400,0
5430,1344,572,0
5431,1344,1009,0
5432,1344,520,0
5433,1344,1114,0
5434,1344,863,0
5435,1344,340,0
5436,1344,866,0
5437,1344,933,0
5438,1344,1187,0
5439,1344,667,0
5440,1344,706,0
5441,1344,439,0
5442,1344,399,0
5443,1348,1321,0
5444,1348,417,0
5445,1350,1391,0
5446,1350,1061,0
5447,1350,351,0
5448,1350,241,0
5449,1350,7,0
5450,1350,852,0
5451,1350,245,0
5452,1350,1220,0
5453,1350,762,0
5454,1350,1216,0
5455,1350,138,0
5456,1350,287,0
5457,1350,1142,0
5458,1350,1168,0
5459,1350,1147,0
5460,1350,223,0
5461,1356,1153,0
5462,1356,857,0
5463,1356,571,0
5464,1356,633,0
5465,1356,546,0
5466,1356,945,0
5467,1356,1371,0
5468,1356,984,0
5469,1364,630,0
5470,1364,416,0
5471,1364,1381,0
5472,1364,389,0
5473,1364,763,0
5474,1364,291,0
5475,1364,1045,0
5476,1364,1237,0
5477,1364,943,0
5478,1364,1397,0
5479,1364,587,0
5480,1364,1394,0
5481,1364,885,0
5482,1364,1005,0
5483,1364,1039,0
5484,1364,1302,0
5485,1364,1362,0
5486,1364,1409,0
5487,1364,524,0
5488,1364,384,0
5489,1364,678,0
5490,1364,1186,0
5491,1364,588,0
5492,1364,1279,0
5493,1364,405,0
5494,1364,481,0
5495,1364,731,0
5496,1364,1125,0
5497,1364,13,0
5498,1364,30,0
5499,1364,157,0
5500,1364,1007,0
5501,1364,1234,0
5502,1364,878,0
5503,1364,493,0
5504,1364,1261,0
5505,1364,1382,0
5506,1364,158,0
5507,1364,427,0
5508,1364,406,0
5509,1364,494,0
5510,1364,862,0
5511,1376,831,0
5512,1378,611,0
5513,1378,1046,0
5514,1378,1045,0
5515,1384,603,0
5516,1384,1254,0
5517,1384,753,0
5518,1384,168,0
5519,1384,174,0
5520,1384,1128,0
5521,1384,1271,0
5522,1387,339,0
5523,1387,478,0
5524,1387,304,0
5525,1387,1042,0
